2026-01-26T19:49:30.0069116Z Current runner version: '2.331.0'
2026-01-26T19:49:30.0106095Z ##[group]Runner Image Provisioner
2026-01-26T19:49:30.0107529Z Hosted Compute Agent
2026-01-26T19:49:30.0108701Z Version: 20260115.477
2026-01-26T19:49:30.0109835Z Commit: 4b342d620503cbe250a3154040964899ea7c9b00
2026-01-26T19:49:30.0111057Z Build Date: 2026-01-15T22:32:41Z
2026-01-26T19:49:30.0112503Z Worker ID: {f2f7654b-11a6-43a6-a31c-f115eca4199a}
2026-01-26T19:49:30.0113785Z Azure Region: eastus2
2026-01-26T19:49:30.0115086Z ##[endgroup]
2026-01-26T19:49:30.0117949Z ##[group]Operating System
2026-01-26T19:49:30.0119033Z Ubuntu
2026-01-26T19:49:30.0120117Z 24.04.3
2026-01-26T19:49:30.0121039Z LTS
2026-01-26T19:49:30.0121868Z ##[endgroup]
2026-01-26T19:49:30.0122768Z ##[group]Runner Image
2026-01-26T19:49:30.0123703Z Image: ubuntu-24.04
2026-01-26T19:49:30.0124974Z Version: 20260119.4.1
2026-01-26T19:49:30.0127035Z Included Software: https://github.com/actions/runner-images/blob/ubuntu24/20260119.4/images/ubuntu/Ubuntu2404-Readme.md
2026-01-26T19:49:30.0129764Z Image Release: https://github.com/actions/runner-images/releases/tag/ubuntu24%2F20260119.4
2026-01-26T19:49:30.0131508Z ##[endgroup]
2026-01-26T19:49:30.0134344Z ##[group]GITHUB_TOKEN Permissions
2026-01-26T19:49:30.0137423Z Contents: write
2026-01-26T19:49:30.0138450Z Metadata: read
2026-01-26T19:49:30.0139464Z Pages: write
2026-01-26T19:49:30.0140332Z ##[endgroup]
2026-01-26T19:49:30.0143450Z Secret source: Actions
2026-01-26T19:49:30.0144691Z Prepare workflow directory
2026-01-26T19:49:30.0606871Z Prepare all required actions
2026-01-26T19:49:30.0663238Z Getting action download info
2026-01-26T19:49:30.6380364Z Download action repository 'actions/checkout@v4' (SHA:34e114876b0b11c390a56381ad16ebd13914f8d5)
2026-01-26T19:49:30.7613899Z Download action repository 'actions/setup-node@v4' (SHA:4***3ea5288caeca8642d1e84afbd3f7d6820020)
2026-01-26T19:49:30.8525381Z Download action repository 'actions/cache@v4' (SHA:0057852bfaa89a56745cba8c7296529d2fc39830)
2026-01-26T19:49:30.9523763Z Download action repository 'actions/upload-artifact@v4' (SHA:ea165f8d65b6e75b540449e92b4886f43607fa02)
2026-01-26T19:49:31.1848887Z Complete job name: test (2, 3)
2026-01-26T19:49:31.2573731Z ##[group]Run actions/checkout@v4
2026-01-26T19:49:31.2574660Z with:
2026-01-26T19:49:31.2575615Z   repository: leslieleefook/playwright-bot-tests
2026-01-26T19:49:31.2576510Z   token: ***
2026-01-26T19:49:31.2576942Z   ssh-strict: true
2026-01-26T19:49:31.2577385Z   ssh-user: git
2026-01-26T19:49:31.2577835Z   persist-credentials: true
2026-01-26T19:49:31.2578357Z   clean: true
2026-01-26T19:49:31.2578813Z   sparse-checkout-cone-mode: true
2026-01-26T19:49:31.2579385Z   fetch-depth: 1
2026-01-26T19:49:31.2579824Z   fetch-tags: false
2026-01-26T19:49:31.2580281Z   show-progress: true
2026-01-26T19:49:31.2580734Z   lfs: false
2026-01-26T19:49:31.2581149Z   submodules: false
2026-01-26T19:49:31.2581605Z   set-safe-directory: true
2026-01-26T19:49:31.2582425Z ##[endgroup]
2026-01-26T19:49:31.3635104Z Syncing repository: leslieleefook/playwright-bot-tests
2026-01-26T19:49:31.3637185Z ##[group]Getting Git version info
2026-01-26T19:49:31.3638272Z Working directory is '/home/runner/work/playwright-bot-tests/playwright-bot-tests'
2026-01-26T19:49:31.3639579Z [command]/usr/bin/git version
2026-01-26T19:49:31.3718194Z git version 2.52.0
2026-01-26T19:49:31.3743298Z ##[endgroup]
2026-01-26T19:49:31.3757278Z Temporarily overriding HOME='/home/runner/work/_temp/372d7584-9bc2-4c6e-84d6-6b0f0ed79cf2' before making global git config changes
2026-01-26T19:49:31.3759451Z Adding repository directory to the temporary git global config as a safe directory
2026-01-26T19:49:31.3769320Z [command]/usr/bin/git config --global --add safe.directory /home/runner/work/playwright-bot-tests/playwright-bot-tests
2026-01-26T19:49:31.3809265Z Deleting the contents of '/home/runner/work/playwright-bot-tests/playwright-bot-tests'
2026-01-26T19:49:31.3812603Z ##[group]Initializing the repository
2026-01-26T19:49:31.3816728Z [command]/usr/bin/git init /home/runner/work/playwright-bot-tests/playwright-bot-tests
2026-01-26T19:49:31.3939384Z hint: Using 'master' as the name for the initial branch. This default branch name
2026-01-26T19:49:31.3940744Z hint: will change to "main" in Git 3.0. To configure the initial branch name
2026-01-26T19:49:31.3941914Z hint: to use in all of your new repositories, which will suppress this warning,
2026-01-26T19:49:31.3943166Z hint: call:
2026-01-26T19:49:31.3943784Z hint:
2026-01-26T19:49:31.3944513Z hint: 	git config --global init.defaultBranch <name>
2026-01-26T19:49:31.3945413Z hint:
2026-01-26T19:49:31.3946078Z hint: Names commonly chosen instead of 'master' are 'main', 'trunk' and
2026-01-26T19:49:31.3947215Z hint: 'development'. The just-created branch can be renamed via this command:
2026-01-26T19:49:31.3948260Z hint:
2026-01-26T19:49:31.3948724Z hint: 	git branch -m <name>
2026-01-26T19:49:31.3949399Z hint:
2026-01-26T19:49:31.3950293Z hint: Disable this message with "git config set advice.defaultBranchName false"
2026-01-26T19:49:31.3952089Z Initialized empty Git repository in /home/runner/work/playwright-bot-tests/playwright-bot-tests/.git/
2026-01-26T19:49:31.3954962Z [command]/usr/bin/git remote add origin https://github.com/leslieleefook/playwright-bot-tests
2026-01-26T19:49:31.3990828Z ##[endgroup]
2026-01-26T19:49:31.3991639Z ##[group]Disabling automatic garbage collection
2026-01-26T19:49:31.3994975Z [command]/usr/bin/git config --local gc.auto 0
2026-01-26T19:49:31.4024247Z ##[endgroup]
2026-01-26T19:49:31.4025867Z ##[group]Setting up auth
2026-01-26T19:49:31.4031885Z [command]/usr/bin/git config --local --name-only --get-regexp core\.sshCommand
2026-01-26T19:49:31.4063222Z [command]/usr/bin/git submodule foreach --recursive sh -c "git config --local --name-only --get-regexp 'core\.sshCommand' && git config --local --unset-all 'core.sshCommand' || :"
2026-01-26T19:49:31.4423679Z [command]/usr/bin/git config --local --name-only --get-regexp http\.https\:\/\/github\.com\/\.extraheader
2026-01-26T19:49:31.4455914Z [command]/usr/bin/git submodule foreach --recursive sh -c "git config --local --name-only --get-regexp 'http\.https\:\/\/github\.com\/\.extraheader' && git config --local --unset-all 'http.https://github.com/.extraheader' || :"
2026-01-26T19:49:31.4672385Z [command]/usr/bin/git config --local --name-only --get-regexp ^includeIf\.gitdir:
2026-01-26T19:49:31.4710605Z [command]/usr/bin/git submodule foreach --recursive git config --local --show-origin --name-only --get-regexp remote.origin.url
2026-01-26T19:49:31.4928977Z [command]/usr/bin/git config --local http.https://github.com/.extraheader AUTHORIZATION: basic ***
2026-01-26T19:49:31.4962284Z ##[endgroup]
2026-01-26T19:49:31.4963718Z ##[group]Fetching the repository
2026-01-26T19:49:31.4972378Z [command]/usr/bin/git -c protocol.version=2 fetch --no-tags --prune --no-recurse-submodules --depth=1 origin +530531384067675e9ae8c6e6dbd00ed53c4f39a8:refs/remotes/origin/master
2026-01-26T19:49:31.8219184Z From https://github.com/leslieleefook/playwright-bot-tests
2026-01-26T19:49:31.8220788Z  * [new ref]         530531384067675e9ae8c6e6dbd00ed53c4f39a8 -> origin/master
2026-01-26T19:49:31.8256340Z ##[endgroup]
2026-01-26T19:49:31.8258431Z ##[group]Determining the checkout info
2026-01-26T19:49:31.8260737Z ##[endgroup]
2026-01-26T19:49:31.8264088Z [command]/usr/bin/git sparse-checkout disable
2026-01-26T19:49:31.8307061Z [command]/usr/bin/git config --local --unset-all extensions.worktreeConfig
2026-01-26T19:49:31.8333787Z ##[group]Checking out the ref
2026-01-26T19:49:31.8337784Z [command]/usr/bin/git checkout --progress --force -B master refs/remotes/origin/master
2026-01-26T19:49:31.8572118Z Reset branch 'master'
2026-01-26T19:49:31.8574696Z branch 'master' set up to track 'origin/master'.
2026-01-26T19:49:31.8582946Z ##[endgroup]
2026-01-26T19:49:31.8624501Z [command]/usr/bin/git log -1 --format=%H
2026-01-26T19:49:31.8658193Z 530531384067675e9ae8c6e6dbd00ed53c4f39a8
2026-01-26T19:49:31.9019720Z ##[group]Run actions/setup-node@v4
2026-01-26T19:49:31.9020982Z with:
2026-01-26T19:49:31.9022117Z   node-version: 18
2026-01-26T19:49:31.9023096Z   cache: npm
2026-01-26T19:49:31.9024058Z   always-auth: false
2026-01-26T19:49:31.9025231Z   check-latest: false
2026-01-26T19:49:31.9026553Z   token: ***
2026-01-26T19:49:31.9027436Z ##[endgroup]
2026-01-26T19:49:32.0800054Z Attempting to download 18...
2026-01-26T19:49:32.4452939Z Acquiring 18.20.8 - x64 from https://github.com/actions/node-versions/releases/download/18.20.8-14110393767/node-18.20.8-linux-x64.tar.gz
2026-01-26T19:49:32.8400011Z Extracting ...
2026-01-26T19:49:32.8499924Z [command]/usr/bin/tar xz --strip 1 --warning=no-unknown-keyword --overwrite -C /home/runner/work/_temp/ff446df1-b55c-4751-9510-f365c2110bf0 -f /home/runner/work/_temp/3e7cc13c-e850-4e41-b526-1b9f02a40fdf
2026-01-26T19:49:33.8265860Z Adding to the cache ...
2026-01-26T19:49:35.3733682Z ##[group]Environment details
2026-01-26T19:49:35.6031991Z node: v18.20.8
2026-01-26T19:49:35.6032761Z npm: 10.8.2
2026-01-26T19:49:35.6033231Z yarn: 1.22.22
2026-01-26T19:49:35.6034266Z ##[endgroup]
2026-01-26T19:49:35.6056035Z [command]/opt/hostedtoolcache/node/18.20.8/x64/bin/npm config get cache
2026-01-26T19:49:35.7199622Z /home/runner/.npm
2026-01-26T19:49:35.7940205Z Cache hit for: node-cache-Linux-x64-npm-1694cac1b2b7d84c29b882e3a5e3181c87bd3e67f263de6e6505e6a5f2af03a6
2026-01-26T19:49:35.9458485Z Received 11553448 of 11553448 (100.0%), 90.3 MBs/sec
2026-01-26T19:49:35.9459307Z Cache Size: ~11 MB (11553448 B)
2026-01-26T19:49:35.9513266Z [command]/usr/bin/tar -xf /home/runner/work/_temp/1b058402-2c62-46dd-ad91-77d8c4000fe6/cache.tzst -P -C /home/runner/work/playwright-bot-tests/playwright-bot-tests --use-compress-program unzstd
2026-01-26T19:49:36.0052846Z Cache restored successfully
2026-01-26T19:49:36.0078288Z Cache restored from key: node-cache-Linux-x64-npm-1694cac1b2b7d84c29b882e3a5e3181c87bd3e67f263de6e6505e6a5f2af03a6
2026-01-26T19:49:36.0227909Z ##[group]Run npm install
2026-01-26T19:49:36.0228319Z [36;1mnpm install[0m
2026-01-26T19:49:36.0267013Z shell: /usr/bin/bash -e {0}
2026-01-26T19:49:36.0267348Z ##[endgroup]
2026-01-26T19:49:36.5101138Z npm warn EBADENGINE Unsupported engine {
2026-01-26T19:49:36.5101883Z npm warn EBADENGINE   package: '@aws-sdk/client-sesv2@3.975.0',
2026-01-26T19:49:36.5102757Z npm warn EBADENGINE   required: { node: '>=20.0.0' },
2026-01-26T19:49:36.5103485Z npm warn EBADENGINE   current: { node: 'v18.20.8', npm: '10.8.2' }
2026-01-26T19:49:36.5103885Z npm warn EBADENGINE }
2026-01-26T19:49:36.5104237Z npm warn EBADENGINE Unsupported engine {
2026-01-26T19:49:36.5104695Z npm warn EBADENGINE   package: '@aws-sdk/client-sso@3.974.0',
2026-01-26T19:49:36.5105564Z npm warn EBADENGINE   required: { node: '>=20.0.0' },
2026-01-26T19:49:36.5106061Z npm warn EBADENGINE   current: { node: 'v18.20.8', npm: '10.8.2' }
2026-01-26T19:49:36.5106446Z npm warn EBADENGINE }
2026-01-26T19:49:36.5107406Z npm warn EBADENGINE Unsupported engine {
2026-01-26T19:49:36.5108094Z npm warn EBADENGINE   package: '@aws-sdk/core@3.973.1',
2026-01-26T19:49:36.5108575Z npm warn EBADENGINE   required: { node: '>=20.0.0' },
2026-01-26T19:49:36.5109065Z npm warn EBADENGINE   current: { node: 'v18.20.8', npm: '10.8.2' }
2026-01-26T19:49:36.5109456Z npm warn EBADENGINE }
2026-01-26T19:49:36.5110585Z npm warn EBADENGINE Unsupported engine {
2026-01-26T19:49:36.5111362Z npm warn EBADENGINE   package: '@aws-sdk/credential-provider-env@3.972.1',
2026-01-26T19:49:36.5111866Z npm warn EBADENGINE   required: { node: '>=20.0.0' },
2026-01-26T19:49:36.5112334Z npm warn EBADENGINE   current: { node: 'v18.20.8', npm: '10.8.2' }
2026-01-26T19:49:36.5112709Z npm warn EBADENGINE }
2026-01-26T19:49:36.5113582Z npm warn EBADENGINE Unsupported engine {
2026-01-26T19:49:36.5114383Z npm warn EBADENGINE   package: '@aws-sdk/credential-provider-http@3.972.2',
2026-01-26T19:49:36.5115110Z npm warn EBADENGINE   required: { node: '>=20.0.0' },
2026-01-26T19:49:36.5115607Z npm warn EBADENGINE   current: { node: 'v18.20.8', npm: '10.8.2' }
2026-01-26T19:49:36.5115983Z npm warn EBADENGINE }
2026-01-26T19:49:36.5117026Z npm warn EBADENGINE Unsupported engine {
2026-01-26T19:49:36.5117862Z npm warn EBADENGINE   package: '@aws-sdk/credential-provider-ini@3.972.1',
2026-01-26T19:49:36.5118485Z npm warn EBADENGINE   required: { node: '>=20.0.0' },
2026-01-26T19:49:36.5119290Z npm warn EBADENGINE   current: { node: 'v18.20.8', npm: '10.8.2' }
2026-01-26T19:49:36.5119807Z npm warn EBADENGINE }
2026-01-26T19:49:36.5120122Z npm warn EBADENGINE Unsupported engine {
2026-01-26T19:49:36.5120616Z npm warn EBADENGINE   package: '@aws-sdk/credential-provider-login@3.972.1',
2026-01-26T19:49:36.5121117Z npm warn EBADENGINE   required: { node: '>=20.0.0' },
2026-01-26T19:49:36.5121587Z npm warn EBADENGINE   current: { node: 'v18.20.8', npm: '10.8.2' }
2026-01-26T19:49:36.5121952Z npm warn EBADENGINE }
2026-01-26T19:49:36.5122491Z npm warn EBADENGINE Unsupported engine {
2026-01-26T19:49:36.5123271Z npm warn EBADENGINE   package: '@aws-sdk/credential-provider-node@3.972.1',
2026-01-26T19:49:36.5123774Z npm warn EBADENGINE   required: { node: '>=20.0.0' },
2026-01-26T19:49:36.5124589Z npm warn EBADENGINE   current: { node: 'v18.20.8', npm: '10.8.2' }
2026-01-26T19:49:36.5125362Z npm warn EBADENGINE }
2026-01-26T19:49:36.5125684Z npm warn EBADENGINE Unsupported engine {
2026-01-26T19:49:36.5126193Z npm warn EBADENGINE   package: '@aws-sdk/credential-provider-process@3.972.1',
2026-01-26T19:49:36.5126701Z npm warn EBADENGINE   required: { node: '>=20.0.0' },
2026-01-26T19:49:36.5127514Z npm warn EBADENGINE   current: { node: 'v18.20.8', npm: '10.8.2' }
2026-01-26T19:49:36.5128114Z npm warn EBADENGINE }
2026-01-26T19:49:36.5128439Z npm warn EBADENGINE Unsupported engine {
2026-01-26T19:49:36.5128923Z npm warn EBADENGINE   package: '@aws-sdk/credential-provider-sso@3.972.1',
2026-01-26T19:49:36.5129410Z npm warn EBADENGINE   required: { node: '>=20.0.0' },
2026-01-26T19:49:36.5130469Z npm warn EBADENGINE   current: { node: 'v18.20.8', npm: '10.8.2' }
2026-01-26T19:49:36.5131009Z npm warn EBADENGINE }
2026-01-26T19:49:36.5131487Z npm warn EBADENGINE Unsupported engine {
2026-01-26T19:49:36.5132362Z npm warn EBADENGINE   package: '@aws-sdk/credential-provider-web-identity@3.972.1',
2026-01-26T19:49:36.5133050Z npm warn EBADENGINE   required: { node: '>=20.0.0' },
2026-01-26T19:49:36.5133840Z npm warn EBADENGINE   current: { node: 'v18.20.8', npm: '10.8.2' }
2026-01-26T19:49:36.5134256Z npm warn EBADENGINE }
2026-01-26T19:49:36.5134625Z npm warn EBADENGINE Unsupported engine {
2026-01-26T19:49:36.5135594Z npm warn EBADENGINE   package: '@aws-sdk/middleware-host-header@3.972.1',
2026-01-26T19:49:36.5136154Z npm warn EBADENGINE   required: { node: '>=20.0.0' },
2026-01-26T19:49:36.5136904Z npm warn EBADENGINE   current: { node: 'v18.20.8', npm: '10.8.2' }
2026-01-26T19:49:36.5137456Z npm warn EBADENGINE }
2026-01-26T19:49:36.5137832Z npm warn EBADENGINE Unsupported engine {
2026-01-26T19:49:36.5138628Z npm warn EBADENGINE   package: '@aws-sdk/middleware-logger@3.972.1',
2026-01-26T19:49:36.5139234Z npm warn EBADENGINE   required: { node: '>=20.0.0' },
2026-01-26T19:49:36.5140044Z npm warn EBADENGINE   current: { node: 'v18.20.8', npm: '10.8.2' }
2026-01-26T19:49:36.5140543Z npm warn EBADENGINE }
2026-01-26T19:49:36.5141008Z npm warn EBADENGINE Unsupported engine {
2026-01-26T19:49:36.5141885Z npm warn EBADENGINE   package: '@aws-sdk/middleware-recursion-detection@3.972.1',
2026-01-26T19:49:36.5142671Z npm warn EBADENGINE   required: { node: '>=20.0.0' },
2026-01-26T19:49:36.5143332Z npm warn EBADENGINE   current: { node: 'v18.20.8', npm: '10.8.2' }
2026-01-26T19:49:36.5143700Z npm warn EBADENGINE }
2026-01-26T19:49:36.5143996Z npm warn EBADENGINE Unsupported engine {
2026-01-26T19:49:36.5144446Z npm warn EBADENGINE   package: '@aws-sdk/middleware-sdk-s3@3.972.0',
2026-01-26T19:49:36.5145360Z npm warn EBADENGINE   required: { node: '>=20.0.0' },
2026-01-26T19:49:36.5146018Z npm warn EBADENGINE   current: { node: 'v18.20.8', npm: '10.8.2' }
2026-01-26T19:49:36.5146624Z npm warn EBADENGINE }
2026-01-26T19:49:36.5147155Z npm warn EBADENGINE Unsupported engine {
2026-01-26T19:49:36.5148027Z npm warn EBADENGINE   package: '@aws-sdk/core@3.972.0',
2026-01-26T19:49:36.5148751Z npm warn EBADENGINE   required: { node: '>=20.0.0' },
2026-01-26T19:49:36.5149519Z npm warn EBADENGINE   current: { node: 'v18.20.8', npm: '10.8.2' }
2026-01-26T19:49:36.5150093Z npm warn EBADENGINE }
2026-01-26T19:49:36.5150415Z npm warn EBADENGINE Unsupported engine {
2026-01-26T19:49:36.5150831Z npm warn EBADENGINE   package: '@aws-sdk/types@3.972.0',
2026-01-26T19:49:36.5151320Z npm warn EBADENGINE   required: { node: '>=20.0.0' },
2026-01-26T19:49:36.5152138Z npm warn EBADENGINE   current: { node: 'v18.20.8', npm: '10.8.2' }
2026-01-26T19:49:36.5152581Z npm warn EBADENGINE }
2026-01-26T19:49:36.5153058Z npm warn EBADENGINE Unsupported engine {
2026-01-26T19:49:36.5153798Z npm warn EBADENGINE   package: '@aws-sdk/xml-builder@3.972.0',
2026-01-26T19:49:36.5154481Z npm warn EBADENGINE   required: { node: '>=20.0.0' },
2026-01-26T19:49:36.5155375Z npm warn EBADENGINE   current: { node: 'v18.20.8', npm: '10.8.2' }
2026-01-26T19:49:36.5155767Z npm warn EBADENGINE }
2026-01-26T19:49:36.5156307Z npm warn EBADENGINE Unsupported engine {
2026-01-26T19:49:36.5157023Z npm warn EBADENGINE   package: '@aws-sdk/middleware-user-agent@3.972.2',
2026-01-26T19:49:36.5157792Z npm warn EBADENGINE   required: { node: '>=20.0.0' },
2026-01-26T19:49:36.5158464Z npm warn EBADENGINE   current: { node: 'v18.20.8', npm: '10.8.2' }
2026-01-26T19:49:36.5159025Z npm warn EBADENGINE }
2026-01-26T19:49:36.5159542Z npm warn EBADENGINE Unsupported engine {
2026-01-26T19:49:36.5160042Z npm warn EBADENGINE   package: '@aws-sdk/nested-clients@3.974.0',
2026-01-26T19:49:36.5160833Z npm warn EBADENGINE   required: { node: '>=20.0.0' },
2026-01-26T19:49:36.5161456Z npm warn EBADENGINE   current: { node: 'v18.20.8', npm: '10.8.2' }
2026-01-26T19:49:36.5162294Z npm warn EBADENGINE }
2026-01-26T19:49:36.5162722Z npm warn EBADENGINE Unsupported engine {
2026-01-26T19:49:36.5163261Z npm warn EBADENGINE   package: '@aws-sdk/region-config-resolver@3.972.1',
2026-01-26T19:49:36.5163768Z npm warn EBADENGINE   required: { node: '>=20.0.0' },
2026-01-26T19:49:36.5164246Z npm warn EBADENGINE   current: { node: 'v18.20.8', npm: '10.8.2' }
2026-01-26T19:49:36.5164629Z npm warn EBADENGINE }
2026-01-26T19:49:36.5165239Z npm warn EBADENGINE Unsupported engine {
2026-01-26T19:49:36.5165759Z npm warn EBADENGINE   package: '@aws-sdk/signature-v4-multi-region@3.972.0',
2026-01-26T19:49:36.5166272Z npm warn EBADENGINE   required: { node: '>=20.0.0' },
2026-01-26T19:49:36.5166761Z npm warn EBADENGINE   current: { node: 'v18.20.8', npm: '10.8.2' }
2026-01-26T19:49:36.5167129Z npm warn EBADENGINE }
2026-01-26T19:49:36.5167434Z npm warn EBADENGINE Unsupported engine {
2026-01-26T19:49:36.5167858Z npm warn EBADENGINE   package: '@aws-sdk/types@3.972.0',
2026-01-26T19:49:36.5168303Z npm warn EBADENGINE   required: { node: '>=20.0.0' },
2026-01-26T19:49:36.5168776Z npm warn EBADENGINE   current: { node: 'v18.20.8', npm: '10.8.2' }
2026-01-26T19:49:36.5169144Z npm warn EBADENGINE }
2026-01-26T19:49:36.5169454Z npm warn EBADENGINE Unsupported engine {
2026-01-26T19:49:36.5169915Z npm warn EBADENGINE   package: '@aws-sdk/token-providers@3.974.0',
2026-01-26T19:49:36.5170383Z npm warn EBADENGINE   required: { node: '>=20.0.0' },
2026-01-26T19:49:36.5170864Z npm warn EBADENGINE   current: { node: 'v18.20.8', npm: '10.8.2' }
2026-01-26T19:49:36.5171224Z npm warn EBADENGINE }
2026-01-26T19:49:36.5171530Z npm warn EBADENGINE Unsupported engine {
2026-01-26T19:49:36.5171951Z npm warn EBADENGINE   package: '@aws-sdk/types@3.973.0',
2026-01-26T19:49:36.5172383Z npm warn EBADENGINE   required: { node: '>=20.0.0' },
2026-01-26T19:49:36.5172855Z npm warn EBADENGINE   current: { node: 'v18.20.8', npm: '10.8.2' }
2026-01-26T19:49:36.5173226Z npm warn EBADENGINE }
2026-01-26T19:49:36.5173529Z npm warn EBADENGINE Unsupported engine {
2026-01-26T19:49:36.5173990Z npm warn EBADENGINE   package: '@aws-sdk/util-arn-parser@3.972.0',
2026-01-26T19:49:36.5174457Z npm warn EBADENGINE   required: { node: '>=20.0.0' },
2026-01-26T19:49:36.5175228Z npm warn EBADENGINE   current: { node: 'v18.20.8', npm: '10.8.2' }
2026-01-26T19:49:36.5175599Z npm warn EBADENGINE }
2026-01-26T19:49:36.5175913Z npm warn EBADENGINE Unsupported engine {
2026-01-26T19:49:36.5176371Z npm warn EBADENGINE   package: '@aws-sdk/util-endpoints@3.972.0',
2026-01-26T19:49:36.5177037Z npm warn EBADENGINE   required: { node: '>=20.0.0' },
2026-01-26T19:49:36.5177531Z npm warn EBADENGINE   current: { node: 'v18.20.8', npm: '10.8.2' }
2026-01-26T19:49:36.5177897Z npm warn EBADENGINE }
2026-01-26T19:49:36.5178206Z npm warn EBADENGINE Unsupported engine {
2026-01-26T19:49:36.5178642Z npm warn EBADENGINE   package: '@aws-sdk/types@3.972.0',
2026-01-26T19:49:36.5179102Z npm warn EBADENGINE   required: { node: '>=20.0.0' },
2026-01-26T19:49:36.5179604Z npm warn EBADENGINE   current: { node: 'v18.20.8', npm: '10.8.2' }
2026-01-26T19:49:36.5179989Z npm warn EBADENGINE }
2026-01-26T19:49:36.5180307Z npm warn EBADENGINE Unsupported engine {
2026-01-26T19:49:36.5180800Z npm warn EBADENGINE   package: '@aws-sdk/util-locate-window@3.965.3',
2026-01-26T19:49:36.5181293Z npm warn EBADENGINE   required: { node: '>=20.0.0' },
2026-01-26T19:49:36.5181784Z npm warn EBADENGINE   current: { node: 'v18.20.8', npm: '10.8.2' }
2026-01-26T19:49:36.5182159Z npm warn EBADENGINE }
2026-01-26T19:49:36.5182476Z npm warn EBADENGINE Unsupported engine {
2026-01-26T19:49:36.5182969Z npm warn EBADENGINE   package: '@aws-sdk/util-user-agent-node@3.972.1',
2026-01-26T19:49:36.5183468Z npm warn EBADENGINE   required: { node: '>=20.0.0' },
2026-01-26T19:49:36.5183955Z npm warn EBADENGINE   current: { node: 'v18.20.8', npm: '10.8.2' }
2026-01-26T19:49:36.5184332Z npm warn EBADENGINE }
2026-01-26T19:49:36.5184646Z npm warn EBADENGINE Unsupported engine {
2026-01-26T19:49:36.5185596Z npm warn EBADENGINE   package: '@aws-sdk/xml-builder@3.972.1',
2026-01-26T19:49:36.5186177Z npm warn EBADENGINE   required: { node: '>=20.0.0' },
2026-01-26T19:49:36.5186688Z npm warn EBADENGINE   current: { node: 'v18.20.8', npm: '10.8.2' }
2026-01-26T19:49:36.5187074Z npm warn EBADENGINE }
2026-01-26T19:49:37.0775353Z npm warn deprecated inflight@1.0.6: This module is not supported, and leaks memory. Do not use it. Check out lru-cache if you want a good and tested way to coalesce async requests by a key value, which is much more comprehensive and powerful.
2026-01-26T19:49:37.1429887Z npm warn deprecated rimraf@3.0.2: Rimraf versions prior to v4 are no longer supported
2026-01-26T19:49:37.1981313Z npm warn deprecated glob@7.2.3: Glob versions prior to v9 are no longer supported
2026-01-26T19:49:38.2072862Z 
2026-01-26T19:49:38.2073692Z added 183 packages, and audited 184 packages in 2s
2026-01-26T19:49:38.2074020Z 
2026-01-26T19:49:38.2074210Z 17 packages are looking for funding
2026-01-26T19:49:38.2074538Z   run `npm fund` for details
2026-01-26T19:49:38.2103113Z 
2026-01-26T19:49:38.2103399Z 4 high severity vulnerabilities
2026-01-26T19:49:38.2103618Z 
2026-01-26T19:49:38.2104119Z To address all issues (including breaking changes), run:
2026-01-26T19:49:38.2105002Z   npm audit fix --force
2026-01-26T19:49:38.2105273Z 
2026-01-26T19:49:38.2105509Z Run `npm audit` for details.
2026-01-26T19:49:38.7928138Z ##[group]Run actions/cache@v4
2026-01-26T19:49:38.7928430Z with:
2026-01-26T19:49:38.7928650Z   path: ~/.cache/ms-playwright
2026-01-26T19:49:38.7929110Z   key: playwright-Linux-cacf2a5665d3b90282908d6ba440ea70cf3f858f6a54fc388118471f28db4fa7
2026-01-26T19:49:38.7929613Z   enableCrossOsArchive: false
2026-01-26T19:49:38.7929894Z   fail-on-cache-miss: false
2026-01-26T19:49:38.7930147Z   lookup-only: false
2026-01-26T19:49:38.7930390Z   save-always: false
2026-01-26T19:49:38.7930613Z ##[endgroup]
2026-01-26T19:49:39.0249617Z Cache not found for input keys: playwright-Linux-cacf2a5665d3b90282908d6ba440ea70cf3f858f6a54fc388118471f28db4fa7
2026-01-26T19:49:39.0334089Z ##[group]Run npx playwright install --with-deps
2026-01-26T19:49:39.0334505Z [36;1mnpx playwright install --with-deps[0m
2026-01-26T19:49:39.0367390Z shell: /usr/bin/bash -e {0}
2026-01-26T19:49:39.0367665Z ##[endgroup]
2026-01-26T19:49:39.9965915Z Installing dependencies...
2026-01-26T19:49:40.0101385Z Switching to root user to install dependencies...
2026-01-26T19:49:40.0799145Z Get:1 file:/etc/apt/apt-mirrors.txt Mirrorlist [144 B]
2026-01-26T19:49:40.1089591Z Hit:2 http://azure.archive.ubuntu.com/ubuntu noble InRelease
2026-01-26T19:49:40.1109661Z Hit:6 https://packages.microsoft.com/repos/azure-cli noble InRelease
2026-01-26T19:49:40.1113477Z Get:3 http://azure.archive.ubuntu.com/ubuntu noble-updates InRelease [126 kB]
2026-01-26T19:49:40.1160271Z Get:4 http://azure.archive.ubuntu.com/ubuntu noble-backports InRelease [126 kB]
2026-01-26T19:49:40.1174502Z Get:5 http://azure.archive.ubuntu.com/ubuntu noble-security InRelease [126 kB]
2026-01-26T19:49:40.1209749Z Get:7 https://packages.microsoft.com/ubuntu/24.04/prod noble InRelease [3600 B]
2026-01-26T19:49:40.2866669Z Get:8 http://azure.archive.ubuntu.com/ubuntu noble-updates/main amd64 Packages [1699 kB]
2026-01-26T19:49:40.3013798Z Get:9 http://azure.archive.ubuntu.com/ubuntu noble-updates/main Translation-en [314 kB]
2026-01-26T19:49:40.3039511Z Get:10 http://azure.archive.ubuntu.com/ubuntu noble-updates/main amd64 Components [175 kB]
2026-01-26T19:49:40.3057842Z Get:11 http://azure.archive.ubuntu.com/ubuntu noble-updates/main amd64 c-n-f Metadata [16.0 kB]
2026-01-26T19:49:40.3067550Z Get:12 http://azure.archive.ubuntu.com/ubuntu noble-updates/universe amd64 Packages [1519 kB]
2026-01-26T19:49:40.3146368Z Get:13 http://azure.archive.ubuntu.com/ubuntu noble-updates/universe Translation-en [310 kB]
2026-01-26T19:49:40.3178468Z Get:14 http://azure.archive.ubuntu.com/ubuntu noble-updates/universe amd64 Components [386 kB]
2026-01-26T19:49:40.3210592Z Get:15 http://azure.archive.ubuntu.com/ubuntu noble-updates/universe amd64 c-n-f Metadata [31.6 kB]
2026-01-26T19:49:40.3219818Z Get:16 http://azure.archive.ubuntu.com/ubuntu noble-updates/restricted amd64 Packages [2506 kB]
2026-01-26T19:49:40.3366904Z Get:17 http://azure.archive.ubuntu.com/ubuntu noble-updates/restricted Translation-en [573 kB]
2026-01-26T19:49:40.3883369Z Get:18 http://azure.archive.ubuntu.com/ubuntu noble-updates/restricted amd64 Components [212 B]
2026-01-26T19:49:40.3893065Z Get:19 http://azure.archive.ubuntu.com/ubuntu noble-updates/restricted amd64 c-n-f Metadata [512 B]
2026-01-26T19:49:40.3907286Z Get:20 http://azure.archive.ubuntu.com/ubuntu noble-updates/multiverse amd64 Packages [31.8 kB]
2026-01-26T19:49:40.3937817Z Get:21 http://azure.archive.ubuntu.com/ubuntu noble-updates/multiverse Translation-en [6348 B]
2026-01-26T19:49:40.3952554Z Get:22 http://azure.archive.ubuntu.com/ubuntu noble-updates/multiverse amd64 Components [940 B]
2026-01-26T19:49:40.3963985Z Get:23 http://azure.archive.ubuntu.com/ubuntu noble-updates/multiverse amd64 c-n-f Metadata [652 B]
2026-01-26T19:49:40.3971950Z Get:24 http://azure.archive.ubuntu.com/ubuntu noble-backports/main amd64 Components [7308 B]
2026-01-26T19:49:40.3986273Z Get:25 http://azure.archive.ubuntu.com/ubuntu noble-backports/universe amd64 Components [10.5 kB]
2026-01-26T19:49:40.3995625Z Get:26 http://azure.archive.ubuntu.com/ubuntu noble-backports/restricted amd64 Components [212 B]
2026-01-26T19:49:40.4009495Z Get:27 http://azure.archive.ubuntu.com/ubuntu noble-backports/multiverse amd64 Components [212 B]
2026-01-26T19:49:40.4133291Z Get:28 http://azure.archive.ubuntu.com/ubuntu noble-security/main amd64 Packages [1409 kB]
2026-01-26T19:49:40.4223350Z Get:29 http://azure.archive.ubuntu.com/ubuntu noble-security/main Translation-en [229 kB]
2026-01-26T19:49:40.4257000Z Get:30 http://azure.archive.ubuntu.com/ubuntu noble-security/main amd64 Components [21.5 kB]
2026-01-26T19:49:40.4264360Z Get:31 http://azure.archive.ubuntu.com/ubuntu noble-security/main amd64 c-n-f Metadata [9800 B]
2026-01-26T19:49:40.4691922Z Get:40 https://packages.microsoft.com/ubuntu/24.04/prod noble/main armhf Packages [12.3 kB]
2026-01-26T19:49:40.4715859Z Get:32 http://azure.archive.ubuntu.com/ubuntu noble-security/universe amd64 Packages [924 kB]
2026-01-26T19:49:40.4764508Z Get:41 https://packages.microsoft.com/ubuntu/24.04/prod noble/main all Packages [650 B]
2026-01-26T19:49:40.4776519Z Get:33 http://azure.archive.ubuntu.com/ubuntu noble-security/universe Translation-en [209 kB]
2026-01-26T19:49:40.4797717Z Get:34 http://azure.archive.ubuntu.com/ubuntu noble-security/universe amd64 Components [74.1 kB]
2026-01-26T19:49:40.4812048Z Get:35 http://azure.archive.ubuntu.com/ubuntu noble-security/universe amd64 c-n-f Metadata [19.7 kB]
2026-01-26T19:49:40.4818340Z Get:42 https://packages.microsoft.com/ubuntu/24.04/prod noble/main amd64 Packages [85.5 kB]
2026-01-26T19:49:40.4823933Z Get:36 http://azure.archive.ubuntu.com/ubuntu noble-security/restricted amd64 Components [212 B]
2026-01-26T19:49:40.4833235Z Get:37 http://azure.archive.ubuntu.com/ubuntu noble-security/multiverse amd64 Packages [28.0 kB]
2026-01-26T19:49:40.4867847Z Get:38 http://azure.archive.ubuntu.com/ubuntu noble-security/multiverse Translation-en [6472 B]
2026-01-26T19:49:40.4893858Z Get:43 https://packages.microsoft.com/ubuntu/24.04/prod noble/main arm64 Packages [66.4 kB]
2026-01-26T19:49:40.4896175Z Get:39 http://azure.archive.ubuntu.com/ubuntu noble-security/multiverse amd64 Components [212 B]
2026-01-26T19:49:48.9487838Z Fetched 11.1 MB in 1s (8285 kB/s)
2026-01-26T19:49:49.7183911Z Reading package lists...
2026-01-26T19:49:49.7439457Z Reading package lists...
2026-01-26T19:49:49.9299064Z Building dependency tree...
2026-01-26T19:49:49.9305974Z Reading state information...
2026-01-26T19:49:49.9477585Z libasound2t64 is already the newest version (1.2.11-1ubuntu0.1).
2026-01-26T19:49:49.9478649Z libasound2t64 set to manually installed.
2026-01-26T19:49:49.9479692Z libatk-bridge2.0-0t64 is already the newest version (2.52.0-1build1).
2026-01-26T19:49:49.9480767Z libatk-bridge2.0-0t64 set to manually installed.
2026-01-26T19:49:49.9481785Z libatk1.0-0t64 is already the newest version (2.52.0-1build1).
2026-01-26T19:49:49.9482706Z libatk1.0-0t64 set to manually installed.
2026-01-26T19:49:49.9483683Z libatspi2.0-0t64 is already the newest version (2.52.0-1build1).
2026-01-26T19:49:49.9484595Z libatspi2.0-0t64 set to manually installed.
2026-01-26T19:49:49.9485714Z libcairo2 is already the newest version (1.18.0-3build1).
2026-01-26T19:49:49.9486413Z libcairo2 set to manually installed.
2026-01-26T19:49:49.9487144Z libcups2t64 is already the newest version (2.4.7-1.2ubuntu7.9).
2026-01-26T19:49:49.9487860Z libcups2t64 set to manually installed.
2026-01-26T19:49:49.9488511Z libdbus-1-3 is already the newest version (1.14.10-4ubuntu4.1).
2026-01-26T19:49:49.9488983Z libdbus-1-3 set to manually installed.
2026-01-26T19:49:49.9489472Z libdrm2 is already the newest version (2.4.122-1~ubuntu0.24.04.2).
2026-01-26T19:49:49.9489939Z libdrm2 set to manually installed.
2026-01-26T19:49:49.9490411Z libgbm1 is already the newest version (25.0.7-0ubuntu0.24.04.2).
2026-01-26T19:49:49.9490865Z libgbm1 set to manually installed.
2026-01-26T19:49:49.9491314Z libnspr4 is already the newest version (2:4.35-1.1build1).
2026-01-26T19:49:49.9491763Z libnspr4 set to manually installed.
2026-01-26T19:49:49.9492199Z libnss3 is already the newest version (2:3.98-1build1).
2026-01-26T19:49:49.9492619Z libnss3 set to manually installed.
2026-01-26T19:49:49.9493093Z libpango-1.0-0 is already the newest version (1.52.1+ds-1build1).
2026-01-26T19:49:49.9493575Z libpango-1.0-0 set to manually installed.
2026-01-26T19:49:49.9494050Z libx11-6 is already the newest version (2:1.8.7-1build1).
2026-01-26T19:49:49.9494478Z libx11-6 set to manually installed.
2026-01-26T19:49:49.9495098Z libxcb1 is already the newest version (1.15-1ubuntu2).
2026-01-26T19:49:49.9495499Z libxcb1 set to manually installed.
2026-01-26T19:49:49.9495937Z libxcomposite1 is already the newest version (1:0.4.5-1build3).
2026-01-26T19:49:49.9496723Z libxcomposite1 set to manually installed.
2026-01-26T19:49:49.9497185Z libxdamage1 is already the newest version (1:1.1.6-1build1).
2026-01-26T19:49:49.9497621Z libxdamage1 set to manually installed.
2026-01-26T19:49:49.9498172Z libxext6 is already the newest version (2:1.3.4-1build2).
2026-01-26T19:49:49.9498565Z libxext6 set to manually installed.
2026-01-26T19:49:49.9498971Z libxfixes3 is already the newest version (1:6.0.0-2build1).
2026-01-26T19:49:49.9499382Z libxfixes3 set to manually installed.
2026-01-26T19:49:49.9499806Z libxkbcommon0 is already the newest version (1.6.0-1build1).
2026-01-26T19:49:49.9500226Z libxkbcommon0 set to manually installed.
2026-01-26T19:49:49.9500651Z libxrandr2 is already the newest version (2:1.5.2-2build1).
2026-01-26T19:49:49.9501059Z libxrandr2 set to manually installed.
2026-01-26T19:49:49.9501507Z libcairo-gobject2 is already the newest version (1.18.0-3build1).
2026-01-26T19:49:49.9501962Z libcairo-gobject2 set to manually installed.
2026-01-26T19:49:49.9502426Z libfontconfig1 is already the newest version (2.15.0-1.1ubuntu2).
2026-01-26T19:49:49.9502862Z libfontconfig1 set to manually installed.
2026-01-26T19:49:49.9503317Z libfreetype6 is already the newest version (2.13.2+dfsg-1build3).
2026-01-26T19:49:49.9503761Z libfreetype6 set to manually installed.
2026-01-26T19:49:49.9504256Z libgdk-pixbuf-2.0-0 is already the newest version (2.42.10+dfsg-3ubuntu3.2).
2026-01-26T19:49:49.9504947Z libgdk-pixbuf-2.0-0 set to manually installed.
2026-01-26T19:49:49.9505487Z libgtk-3-0t64 is already the newest version (3.24.41-4ubuntu1.3).
2026-01-26T19:49:49.9505918Z libgtk-3-0t64 set to manually installed.
2026-01-26T19:49:49.9506387Z libpangocairo-1.0-0 is already the newest version (1.52.1+ds-1build1).
2026-01-26T19:49:49.9506865Z libpangocairo-1.0-0 set to manually installed.
2026-01-26T19:49:49.9507312Z libx11-xcb1 is already the newest version (2:1.8.7-1build1).
2026-01-26T19:49:49.9507714Z libx11-xcb1 set to manually installed.
2026-01-26T19:49:49.9508124Z libxcb-shm0 is already the newest version (1.15-1ubuntu2).
2026-01-26T19:49:49.9508519Z libxcb-shm0 set to manually installed.
2026-01-26T19:49:49.9508934Z libxcursor1 is already the newest version (1:1.2.1-1build1).
2026-01-26T19:49:49.9509348Z libxcursor1 set to manually installed.
2026-01-26T19:49:49.9509748Z libxi6 is already the newest version (2:1.8.1-1build1).
2026-01-26T19:49:49.9510127Z libxi6 set to manually installed.
2026-01-26T19:49:49.9510543Z libxrender1 is already the newest version (1:0.9.10-1.1build1).
2026-01-26T19:49:49.9510959Z libxrender1 set to manually installed.
2026-01-26T19:49:49.9511390Z libicu74 is already the newest version (74.2-1ubuntu3.1).
2026-01-26T19:49:49.9511876Z libatomic1 is already the newest version (14.2.0-4ubuntu2~24.04).
2026-01-26T19:49:49.9512296Z libatomic1 set to manually installed.
2026-01-26T19:49:49.9512714Z libenchant-2-2 is already the newest version (2.3.3-2build2).
2026-01-26T19:49:49.9513128Z libenchant-2-2 set to manually installed.
2026-01-26T19:49:49.9513542Z libepoxy0 is already the newest version (1.5.10-1build1).
2026-01-26T19:49:49.9513935Z libepoxy0 set to manually installed.
2026-01-26T19:49:49.9514384Z libgstreamer1.0-0 is already the newest version (1.24.2-1ubuntu0.1).
2026-01-26T19:49:49.9515074Z libgstreamer1.0-0 set to manually installed.
2026-01-26T19:49:49.9515521Z libharfbuzz0b is already the newest version (8.3.0-2build2).
2026-01-26T19:49:49.9515941Z libharfbuzz0b set to manually installed.
2026-01-26T19:49:49.9516381Z libjpeg-turbo8 is already the newest version (2.1.5-2ubuntu2).
2026-01-26T19:49:49.9516810Z libjpeg-turbo8 set to manually installed.
2026-01-26T19:49:49.9517216Z liblcms2-2 is already the newest version (2.14-2build1).
2026-01-26T19:49:49.9517601Z liblcms2-2 set to manually installed.
2026-01-26T19:49:49.9518058Z libwayland-client0 is already the newest version (1.22.0-2.1build1).
2026-01-26T19:49:49.9518525Z libwayland-client0 set to manually installed.
2026-01-26T19:49:50.1122577Z libwayland-egl1 is already the newest version (1.22.0-2.1build1).
2026-01-26T19:49:50.1123669Z libwayland-egl1 set to manually installed.
2026-01-26T19:49:50.1124379Z libwayland-server0 is already the newest version (1.22.0-2.1build1).
2026-01-26T19:49:50.1125880Z libwayland-server0 set to manually installed.
2026-01-26T19:49:50.1126640Z libwebp7 is already the newest version (1.3.2-0.4build3).
2026-01-26T19:49:50.1127211Z libwebp7 set to manually installed.
2026-01-26T19:49:50.1127685Z libwebpdemux2 is already the newest version (1.3.2-0.4build3).
2026-01-26T19:49:50.1128157Z libwebpdemux2 set to manually installed.
2026-01-26T19:49:50.1128636Z xvfb is already the newest version (2:21.1.12-1ubuntu1.5).
2026-01-26T19:49:50.1129358Z fonts-noto-color-emoji is already the newest version (2.047-0ubuntu0.24.04.1).
2026-01-26T19:49:50.1130099Z fonts-liberation is already the newest version (1:2.1.5-3).
2026-01-26T19:49:50.1130572Z fonts-liberation set to manually installed.
2026-01-26T19:49:50.1131024Z The following additional packages will be installed:
2026-01-26T19:49:50.1131514Z   gir1.2-glib-2.0 glib-networking glib-networking-common
2026-01-26T19:49:50.1132118Z   glib-networking-services gsettings-desktop-schemas libaa1 libabsl20220623t64
2026-01-26T19:49:50.1132797Z   libass9 libasyncns0 libavc1394-0 libavcodec60 libavfilter9 libavformat60
2026-01-26T19:49:50.1133370Z   libavtp0 libavutil58 libblas3 libbluray2 libbs2b0 libcaca0
2026-01-26T19:49:50.1133946Z   libcairo-script-interpreter2 libcdparanoia0 libchromaprint1 libcjson1
2026-01-26T19:49:50.1134515Z   libcodec2-1.2 libdav1d7 libdc1394-25 libdca0 libdecor-0-0
2026-01-26T19:49:50.1135285Z   libdirectfb-1.7-7t64 libdv4t64 libdvdnav4 libdvdread8t64 libegl-mesa0
2026-01-26T19:49:50.1135887Z   libegl1 libfaad2 libflac12t64 libfluidsynth3 libfreeaptx0 libgav1-1
2026-01-26T19:49:50.1136457Z   libglib2.0-bin libglib2.0-data libgme0 libgraphene-1.0-0 libgsm1
2026-01-26T19:49:50.1137082Z   libgssdp-1.6-0 libgstreamer-plugins-good1.0-0 libgtk-4-common libgupnp-1.6-0
2026-01-26T19:49:50.1138021Z   libgupnp-igd-1.6-0 libhwy1t64 libiec61883-0 libimath-3-1-29t64
2026-01-26T19:49:50.1138538Z   libinstpatch-1.0-2 libjack-jackd2-0 libjxl0.7 liblapack3 liblc3-1
2026-01-26T19:49:50.1139102Z   libldacbt-enc2 liblilv-0-0 liblrdf0 libltc11 libmbedcrypto7t64 libmfx1
2026-01-26T19:49:50.1139607Z   libmjpegutils-2.1-0t64 libmodplug1 libmp3lame0 libmpcdec6
2026-01-26T19:49:50.1140102Z   libmpeg2encpp-2.1-0t64 libmpg123-0t64 libmplex2-2.1-0t64 libmysofa1
2026-01-26T19:49:50.1140629Z   libneon27t64 libnice10 libopenal-data libopenal1 libopenexr-3-1-30
2026-01-26T19:49:50.1141121Z   libopenh264-7 libopenmpt0t64 libopenni2-0 liborc-0.4-0t64
2026-01-26T19:49:50.1141604Z   libpipewire-0.3-0t64 libplacebo338 libpocketsphinx3 libpostproc57
2026-01-26T19:49:50.1142142Z   libproxy1v5 libpulse0 libqrencode4 libraptor2-0 librav1e0 libraw1394-11
2026-01-26T19:49:50.1142735Z   librist4 librsvg2-2 librubberband2 libsamplerate0 libsbc1 libsdl2-2.0-0
2026-01-26T19:49:50.1143305Z   libsecret-common libserd-0-0 libshine3 libshout3 libsndfile1 libsndio7.0
2026-01-26T19:49:50.1143872Z   libsord-0-0 libsoundtouch1 libsoup-3.0-0 libsoup-3.0-common libsoxr0
2026-01-26T19:49:50.1144437Z   libspa-0.2-modules libspandsp2t64 libspeex1 libsphinxbase3t64 libsratom-0-0
2026-01-26T19:49:50.1145192Z   libsrt1.5-gnutls libsrtp2-1 libssh-4 libssh-gcrypt-4 libsvtav1enc1d1
2026-01-26T19:49:50.1145720Z   libswresample4 libswscale7 libtag1v5 libtag1v5-vanilla libtheora0
2026-01-26T19:49:50.1146242Z   libtwolame0 libudfread0 libunibreak5 libv4l-0t64 libv4lconvert0t64
2026-01-26T19:49:50.1146774Z   libva-drm2 libva-x11-2 libva2 libvdpau1 libvidstab1.1 libvisual-0.4-0
2026-01-26T19:49:50.1147288Z   libvo-aacenc0 libvo-amrwbenc0 libvorbisenc2 libvpl2 libwavpack1
2026-01-26T19:49:50.1147800Z   libwebrtc-audio-processing1 libwildmidi2 libx265-199 libxcb-xkb1
2026-01-26T19:49:50.1148351Z   libxkbcommon-x11-0 libxml2-dev libxvidcore4 libyuv0 libzbar0t64 libzimg2
2026-01-26T19:49:50.1148894Z   libzix-0-0 libzvbi-common libzvbi0t64 libzxing3 ocl-icd-libopencl1
2026-01-26T19:49:50.1149592Z   session-migration timgm6mb-soundfont xfonts-encodings xfonts-utils
2026-01-26T19:49:50.1150025Z Suggested packages:
2026-01-26T19:49:50.1150420Z   frei0r-plugins gvfs libcuda1 libnvcuvid1 libnvidia-encode1 libbluray-bdj
2026-01-26T19:49:50.1151099Z   libdirectfb-extra libdv-bin oss-compat libdvdcss2 low-memory-monitor
2026-01-26T19:49:50.1151671Z   libvisual-0.4-plugins jackd2 liblrdf0-dev libportaudio2 opus-tools pipewire
2026-01-26T19:49:50.1152257Z   pulseaudio raptor2-utils libraw1394-doc librsvg2-bin serdi sndiod sordi
2026-01-26T19:49:50.1152756Z   speex libwildmidi-config opencl-icd fluid-soundfont-gm
2026-01-26T19:49:50.1153118Z Recommended packages:
2026-01-26T19:49:50.1153471Z   fonts-ipafont-mincho fonts-tlwg-loma gstreamer1.0-x libaacs0
2026-01-26T19:49:50.1153986Z   default-libdecor-0-plugin-1 | libdecor-0-plugin-1 gstreamer1.0-gl
2026-01-26T19:49:50.1154568Z   libgtk-4-bin librsvg2-common libgtk-4-media-gstreamer libpipewire-0.3-common
2026-01-26T19:49:50.1155381Z   pocketsphinx-en-us va-driver-all | va-driver vdpau-driver-all | vdpau-driver
2026-01-26T19:49:50.1155835Z   libmagickcore-6.q16-7-extra
2026-01-26T19:49:50.1908031Z The following NEW packages will be installed:
2026-01-26T19:49:50.1909146Z   fonts-freefont-ttf fonts-ipafont-gothic fonts-tlwg-loma-otf fonts-unifont
2026-01-26T19:49:50.1910282Z   fonts-wqy-zenhei glib-networking glib-networking-common
2026-01-26T19:49:50.1911378Z   glib-networking-services gsettings-desktop-schemas gstreamer1.0-libav
2026-01-26T19:49:50.1912214Z   gstreamer1.0-plugins-bad gstreamer1.0-plugins-base gstreamer1.0-plugins-good
2026-01-26T19:49:50.1913028Z   libaa1 libabsl20220623t64 libass9 libasyncns0 libavc1394-0 libavcodec60
2026-01-26T19:49:50.1914126Z   libavfilter9 libavformat60 libavif16 libavtp0 libavutil58 libblas3
2026-01-26T19:49:50.1915277Z   libbluray2 libbs2b0 libcaca0 libcairo-script-interpreter2 libcdparanoia0
2026-01-26T19:49:50.1916040Z   libchromaprint1 libcjson1 libcodec2-1.2 libdav1d7 libdc1394-25 libdca0
2026-01-26T19:49:50.1916765Z   libdecor-0-0 libdirectfb-1.7-7t64 libdv4t64 libdvdnav4 libdvdread8t64
2026-01-26T19:49:50.1917598Z   libegl-mesa0 libegl1 libevent-2.1-7t64 libfaad2 libflac12t64 libflite1
2026-01-26T19:49:50.1918572Z   libfluidsynth3 libfreeaptx0 libgav1-1 libgles2 libgme0 libgraphene-1.0-0
2026-01-26T19:49:50.1919188Z   libgsm1 libgssdp-1.6-0 libgstreamer-gl1.0-0 libgstreamer-plugins-bad1.0-0
2026-01-26T19:49:50.1919820Z   libgstreamer-plugins-base1.0-0 libgstreamer-plugins-good1.0-0 libgtk-4-1
2026-01-26T19:49:50.1920413Z   libgtk-4-common libgupnp-1.6-0 libgupnp-igd-1.6-0 libharfbuzz-icu0
2026-01-26T19:49:50.1920993Z   libhwy1t64 libhyphen0 libiec61883-0 libimath-3-1-29t64 libinstpatch-1.0-2
2026-01-26T19:49:50.1921590Z   libjack-jackd2-0 libjxl0.7 liblapack3 liblc3-1 libldacbt-enc2 liblilv-0-0
2026-01-26T19:49:50.1922136Z   liblrdf0 libltc11 libmanette-0.2-0 libmbedcrypto7t64 libmfx1
2026-01-26T19:49:50.1922801Z   libmjpegutils-2.1-0t64 libmodplug1 libmp3lame0 libmpcdec6
2026-01-26T19:49:50.1923426Z   libmpeg2encpp-2.1-0t64 libmpg123-0t64 libmplex2-2.1-0t64 libmysofa1
2026-01-26T19:49:50.1923985Z   libneon27t64 libnice10 libopenal-data libopenal1 libopenexr-3-1-30
2026-01-26T19:49:50.1924676Z   libopenh264-7 libopenmpt0t64 libopenni2-0 libopus0 liborc-0.4-0t64
2026-01-26T19:49:50.1925708Z   libpipewire-0.3-0t64 libplacebo338 libpocketsphinx3 libpostproc57
2026-01-26T19:49:50.1926330Z   libproxy1v5 libpulse0 libqrencode4 libraptor2-0 librav1e0 libraw1394-11
2026-01-26T19:49:50.1926932Z   librist4 librsvg2-2 librubberband2 libsamplerate0 libsbc1 libsdl2-2.0-0
2026-01-26T19:49:50.1927548Z   libsecret-1-0 libsecret-common libserd-0-0 libshine3 libshout3 libsndfile1
2026-01-26T19:49:50.1928147Z   libsndio7.0 libsord-0-0 libsoundtouch1 libsoup-3.0-0 libsoup-3.0-common
2026-01-26T19:49:50.1928848Z   libsoxr0 libspa-0.2-modules libspandsp2t64 libspeex1 libsphinxbase3t64
2026-01-26T19:49:50.1929581Z   libsratom-0-0 libsrt1.5-gnutls libsrtp2-1 libssh-gcrypt-4 libsvtav1enc1d1
2026-01-26T19:49:50.1930487Z   libswresample4 libswscale7 libtag1v5 libtag1v5-vanilla libtheora0
2026-01-26T19:49:50.1931045Z   libtwolame0 libudfread0 libunibreak5 libv4l-0t64 libv4lconvert0t64
2026-01-26T19:49:50.1931602Z   libva-drm2 libva-x11-2 libva2 libvdpau1 libvidstab1.1 libvisual-0.4-0
2026-01-26T19:49:50.1932305Z   libvo-aacenc0 libvo-amrwbenc0 libvorbisenc2 libvpl2 libvpx9 libwavpack1
2026-01-26T19:49:50.1932915Z   libwebrtc-audio-processing1 libwildmidi2 libwoff1 libx264-164 libx265-199
2026-01-26T19:49:50.1933524Z   libxcb-xkb1 libxkbcommon-x11-0 libxvidcore4 libyuv0 libzbar0t64 libzimg2
2026-01-26T19:49:50.1934098Z   libzix-0-0 libzvbi-common libzvbi0t64 libzxing3 ocl-icd-libopencl1
2026-01-26T19:49:50.1934658Z   session-migration timgm6mb-soundfont xfonts-cyrillic xfonts-encodings
2026-01-26T19:49:50.1935343Z   xfonts-scalable xfonts-utils
2026-01-26T19:49:50.1935697Z The following packages will be upgraded:
2026-01-26T19:49:50.1936124Z   gir1.2-glib-2.0 libglib2.0-0t64 libglib2.0-bin libglib2.0-data
2026-01-26T19:49:50.1936612Z   libpng16-16t64 libssh-4 libxml2 libxml2-dev libxslt1.1
2026-01-26T19:49:50.2149200Z 9 upgraded, 179 newly installed, 0 to remove and 58 not upgraded.
2026-01-26T19:49:50.2149902Z Need to get 118 MB of archives.
2026-01-26T19:49:50.2150388Z After this operation, 363 MB of additional disk space will be used.
2026-01-26T19:49:50.2150915Z Get:1 file:/etc/apt/apt-mirrors.txt Mirrorlist [144 B]
2026-01-26T19:49:50.2332983Z Get:2 http://azure.archive.ubuntu.com/ubuntu noble/universe amd64 fonts-ipafont-gothic all 00303-21ubuntu1 [3513 kB]
2026-01-26T19:49:50.2611782Z Get:3 http://azure.archive.ubuntu.com/ubuntu noble-updates/main amd64 libglib2.0-data all 2.80.0-6ubuntu3.7 [49.4 kB]
2026-01-26T19:49:50.2642926Z Get:4 http://azure.archive.ubuntu.com/ubuntu noble-updates/main amd64 libglib2.0-bin amd64 2.80.0-6ubuntu3.7 [97.9 kB]
2026-01-26T19:49:50.2678184Z Get:5 http://azure.archive.ubuntu.com/ubuntu noble-updates/main amd64 gir1.2-glib-2.0 amd64 2.80.0-6ubuntu3.7 [183 kB]
2026-01-26T19:49:50.2718315Z Get:6 http://azure.archive.ubuntu.com/ubuntu noble-updates/main amd64 libglib2.0-0t64 amd64 2.80.0-6ubuntu3.7 [1545 kB]
2026-01-26T19:49:50.2850215Z Get:7 http://azure.archive.ubuntu.com/ubuntu noble-updates/main amd64 libxml2-dev amd64 2.9.14+dfsg-1.3ubuntu3.7 [782 kB]
2026-01-26T19:49:50.2936517Z Get:8 http://azure.archive.ubuntu.com/ubuntu noble-updates/main amd64 libxml2 amd64 2.9.14+dfsg-1.3ubuntu3.7 [764 kB]
2026-01-26T19:49:50.3029874Z Get:9 http://azure.archive.ubuntu.com/ubuntu noble-updates/main amd64 libpng16-16t64 amd64 1.6.43-5ubuntu0.3 [188 kB]
2026-01-26T19:49:50.3072481Z Get:10 http://azure.archive.ubuntu.com/ubuntu noble/main amd64 fonts-freefont-ttf all 20211204+svn4273-2 [5641 kB]
2026-01-26T19:49:50.3487933Z Get:11 http://azure.archive.ubuntu.com/ubuntu noble/universe amd64 fonts-tlwg-loma-otf all 1:0.7.3-1 [107 kB]
2026-01-26T19:49:50.3522259Z Get:12 http://azure.archive.ubuntu.com/ubuntu noble/universe amd64 fonts-unifont all 1:15.1.01-1build1 [2*** kB]
2026-01-26T19:49:50.3756681Z Get:13 http://azure.archive.ubuntu.com/ubuntu noble/universe amd64 fonts-wqy-zenhei all 0.9.45-8 [7472 kB]
2026-01-26T19:49:50.4393135Z Get:14 http://azure.archive.ubuntu.com/ubuntu noble/main amd64 libproxy1v5 amd64 0.5.4-4build1 [26.5 kB]
2026-01-26T19:49:50.4413729Z Get:15 http://azure.archive.ubuntu.com/ubuntu noble/main amd64 glib-networking-common all 2.80.0-1build1 [6702 B]
2026-01-26T19:49:50.4432752Z Get:16 http://azure.archive.ubuntu.com/ubuntu noble/main amd64 glib-networking-services amd64 2.80.0-1build1 [12.8 kB]
2026-01-26T19:49:50.4453901Z Get:17 http://azure.archive.ubuntu.com/ubuntu noble/main amd64 session-migration amd64 0.3.9build1 [9034 B]
2026-01-26T19:49:50.4472074Z Get:18 http://azure.archive.ubuntu.com/ubuntu noble-updates/main amd64 gsettings-desktop-schemas all 46.1-0ubuntu1 [35.6 kB]
2026-01-26T19:49:50.4497118Z Get:19 http://azure.archive.ubuntu.com/ubuntu noble/main amd64 glib-networking amd64 2.80.0-1build1 [64.1 kB]
2026-01-26T19:49:50.4972740Z Get:20 http://azure.archive.ubuntu.com/ubuntu noble/universe amd64 libva2 amd64 2.20.0-2build1 [66.2 kB]
2026-01-26T19:49:50.5005628Z Get:21 http://azure.archive.ubuntu.com/ubuntu noble/universe amd64 libva-drm2 amd64 2.20.0-2build1 [7124 B]
2026-01-26T19:49:50.5032795Z Get:22 http://azure.archive.ubuntu.com/ubuntu noble/universe amd64 libva-x11-2 amd64 2.20.0-2build1 [12.0 kB]
2026-01-26T19:49:50.5055765Z Get:23 http://azure.archive.ubuntu.com/ubuntu noble/main amd64 libvdpau1 amd64 1.5-2build1 [27.8 kB]
2026-01-26T19:49:50.5085543Z Get:24 http://azure.archive.ubuntu.com/ubuntu noble/universe amd64 libvpl2 amd64 2023.3.0-1build1 [99.8 kB]
2026-01-26T19:49:50.5113755Z Get:25 http://azure.archive.ubuntu.com/ubuntu noble/universe amd64 ocl-icd-libopencl1 amd64 2.3.2-1build1 [38.5 kB]
2026-01-26T19:49:50.5149620Z Get:26 http://azure.archive.ubuntu.com/ubuntu noble/universe amd64 libavutil58 amd64 7:6.1.1-3ubuntu5 [401 kB]
2026-01-26T19:49:50.5196571Z Get:27 http://azure.archive.ubuntu.com/ubuntu noble/universe amd64 libcodec2-1.2 amd64 1.2.0-2build1 [8998 kB]
2026-01-26T19:49:50.5907374Z Get:28 http://azure.archive.ubuntu.com/ubuntu noble/universe amd64 libdav1d7 amd64 1.4.1-1build1 [604 kB]
2026-01-26T19:49:50.6000044Z Get:29 http://azure.archive.ubuntu.com/ubuntu noble/universe amd64 libgsm1 amd64 1.0.22-1build1 [27.8 kB]
2026-01-26T19:49:50.6030266Z Get:30 http://azure.archive.ubuntu.com/ubuntu noble/universe amd64 libhwy1t64 amd64 1.0.7-8.1build1 [584 kB]
2026-01-26T19:49:50.6095129Z Get:31 http://azure.archive.ubuntu.com/ubuntu noble-updates/universe amd64 libjxl0.7 amd64 0.7.0-10.2ubuntu6.1 [1001 kB]
2026-01-26T19:49:50.6182303Z Get:32 http://azure.archive.ubuntu.com/ubuntu noble/main amd64 libmp3lame0 amd64 3.100-6build1 [142 kB]
2026-01-26T19:49:50.6221813Z Get:33 http://azure.archive.ubuntu.com/ubuntu noble/main amd64 libopus0 amd64 1.4-1build1 [208 kB]
2026-01-26T19:49:50.6265952Z Get:34 http://azure.archive.ubuntu.com/ubuntu noble/universe amd64 librav1e0 amd64 0.7.1-2 [1022 kB]
2026-01-26T19:49:50.6368378Z Get:35 http://azure.archive.ubuntu.com/ubuntu noble/main amd64 librsvg2-2 amd64 2.58.0+dfsg-1build1 [2135 kB]
2026-01-26T19:49:50.6601803Z Get:36 http://azure.archive.ubuntu.com/ubuntu noble/universe amd64 libshine3 amd64 3.1.1-2build1 [23.2 kB]
2026-01-26T19:49:50.6629028Z Get:37 http://azure.archive.ubuntu.com/ubuntu noble-updates/main amd64 libspeex1 amd64 1.2.1-2ubuntu2.24.04.1 [59.6 kB]
2026-01-26T19:49:50.6659480Z Get:38 http://azure.archive.ubuntu.com/ubuntu noble/universe amd64 libsvtav1enc1d1 amd64 1.7.0+dfsg-2build1 [2425 kB]
2026-01-26T19:49:50.7298434Z Get:39 http://azure.archive.ubuntu.com/ubuntu noble/universe amd64 libsoxr0 amd64 0.1.3-4build3 [80.0 kB]
2026-01-26T19:49:50.7330538Z Get:40 http://azure.archive.ubuntu.com/ubuntu noble/universe amd64 libswresample4 amd64 7:6.1.1-3ubuntu5 [63.8 kB]
2026-01-26T19:49:50.7359245Z Get:41 http://azure.archive.ubuntu.com/ubuntu noble/main amd64 libtheora0 amd64 1.1.1+dfsg.1-16.1build3 [211 kB]
2026-01-26T19:49:50.7403706Z Get:42 http://azure.archive.ubuntu.com/ubuntu noble/main amd64 libtwolame0 amd64 0.4.0-2build3 [52.3 kB]
2026-01-26T19:49:50.7442079Z Get:43 http://azure.archive.ubuntu.com/ubuntu noble/main amd64 libvorbisenc2 amd64 1.3.7-1build3 [80.8 kB]
2026-01-26T19:49:50.7472927Z Get:44 http://azure.archive.ubuntu.com/ubuntu noble-updates/main amd64 libvpx9 amd64 1.14.0-1ubuntu2.2 [1143 kB]
2026-01-26T19:49:50.7584350Z Get:45 http://azure.archive.ubuntu.com/ubuntu noble/universe amd64 libx264-164 amd64 2:0.164.3108+git31e19f9-1 [604 kB]
2026-01-26T19:49:50.7686346Z Get:46 http://azure.archive.ubuntu.com/ubuntu noble/universe amd64 libx265-199 amd64 3.5-2build1 [1226 kB]
2026-01-26T19:49:50.7798483Z Get:47 http://azure.archive.ubuntu.com/ubuntu noble/universe amd64 libxvidcore4 amd64 2:1.3.7-1build1 [219 kB]
2026-01-26T19:49:50.7833907Z Get:48 http://azure.archive.ubuntu.com/ubuntu noble/universe amd64 libzvbi-common all 0.2.42-2 [42.4 kB]
2026-01-26T19:49:50.7858240Z Get:49 http://azure.archive.ubuntu.com/ubuntu noble/universe amd64 libzvbi0t64 amd64 0.2.42-2 [261 kB]
2026-01-26T19:49:50.7901586Z Get:50 http://azure.archive.ubuntu.com/ubuntu noble/universe amd64 libavcodec60 amd64 7:6.1.1-3ubuntu5 [5851 kB]
2026-01-26T19:49:50.8406842Z Get:51 http://azure.archive.ubuntu.com/ubuntu noble/universe amd64 libunibreak5 amd64 5.1-2build1 [25.0 kB]
2026-01-26T19:49:50.8435366Z Get:52 http://azure.archive.ubuntu.com/ubuntu noble/universe amd64 libass9 amd64 1:0.17.1-2build1 [104 kB]
2026-01-26T19:49:50.8467429Z Get:53 http://azure.archive.ubuntu.com/ubuntu noble/universe amd64 libudfread0 amd64 1.1.2-1build1 [19.0 kB]
2026-01-26T19:49:50.8487340Z Get:54 http://azure.archive.ubuntu.com/ubuntu noble/universe amd64 libbluray2 amd64 1:1.3.4-1build1 [159 kB]
2026-01-26T19:49:50.8550427Z Get:55 http://azure.archive.ubuntu.com/ubuntu noble/universe amd64 libchromaprint1 amd64 1.5.1-5 [30.5 kB]
2026-01-26T19:49:50.8599327Z Get:56 http://azure.archive.ubuntu.com/ubuntu noble/universe amd64 libgme0 amd64 0.6.3-7build1 [134 kB]
2026-01-26T19:49:50.8632334Z Get:57 http://azure.archive.ubuntu.com/ubuntu noble-updates/main amd64 libmpg123-0t64 amd64 1.32.5-1ubuntu1.1 [169 kB]
2026-01-26T19:49:50.9089156Z Get:58 http://azure.archive.ubuntu.com/ubuntu noble/universe amd64 libopenmpt0t64 amd64 0.7.3-1.1build3 [647 kB]
2026-01-26T19:49:50.9208953Z Get:59 http://azure.archive.ubuntu.com/ubuntu noble/universe amd64 libcjson1 amd64 1.7.17-1 [24.8 kB]
2026-01-26T19:49:50.9233748Z Get:60 http://azure.archive.ubuntu.com/ubuntu noble/universe amd64 libmbedcrypto7t64 amd64 2.28.8-1 [209 kB]
2026-01-26T19:49:50.9286526Z Get:61 http://azure.archive.ubuntu.com/ubuntu noble/universe amd64 librist4 amd64 0.2.10+dfsg-2 [74.9 kB]
2026-01-26T19:49:50.9320271Z Get:62 http://azure.archive.ubuntu.com/ubuntu noble/universe amd64 libsrt1.5-gnutls amd64 1.5.3-1build2 [316 kB]
2026-01-26T19:49:50.9385356Z Get:63 http://azure.archive.ubuntu.com/ubuntu noble-updates/main amd64 libssh-gcrypt-4 amd64 0.10.6-2ubuntu0.2 [224 kB]
2026-01-26T19:49:50.9475558Z Get:64 http://azure.archive.ubuntu.com/ubuntu noble/universe amd64 libavformat60 amd64 7:6.1.1-3ubuntu5 [1153 kB]
2026-01-26T19:49:50.9711827Z Get:65 http://azure.archive.ubuntu.com/ubuntu noble/universe amd64 libbs2b0 amd64 3.1.0+dfsg-7build1 [10.6 kB]
2026-01-26T19:49:50.9732118Z Get:66 http://azure.archive.ubuntu.com/ubuntu noble/universe amd64 libflite1 amd64 2.2-6build3 [13.6 MB]
2026-01-26T19:49:51.0987719Z Get:67 http://azure.archive.ubuntu.com/ubuntu noble/universe amd64 libserd-0-0 amd64 0.32.2-1 [43.6 kB]
2026-01-26T19:49:51.1010828Z Get:68 http://azure.archive.ubuntu.com/ubuntu noble/universe amd64 libzix-0-0 amd64 0.4.2-2build1 [23.6 kB]
2026-01-26T19:49:51.1031132Z Get:69 http://azure.archive.ubuntu.com/ubuntu noble/universe amd64 libsord-0-0 amd64 0.16.16-2build1 [15.8 kB]
2026-01-26T19:49:51.1090176Z Get:70 http://azure.archive.ubuntu.com/ubuntu noble/universe amd64 libsratom-0-0 amd64 0.6.16-1build1 [17.3 kB]
2026-01-26T19:49:51.1119880Z Get:71 http://azure.archive.ubuntu.com/ubuntu noble/universe amd64 liblilv-0-0 amd64 0.24.22-1build1 [41.0 kB]
2026-01-26T19:49:51.1142375Z Get:72 http://azure.archive.ubuntu.com/ubuntu noble/universe amd64 libmysofa1 amd64 1.3.2+dfsg-2ubuntu2 [1158 kB]
2026-01-26T19:49:51.1278265Z Get:73 http://azure.archive.ubuntu.com/ubuntu noble/universe amd64 libplacebo338 amd64 6.338.2-2build1 [2654 kB]
2026-01-26T19:49:51.1596276Z Get:74 http://azure.archive.ubuntu.com/ubuntu noble-updates/main amd64 libblas3 amd64 3.12.0-3build1.1 [238 kB]
2026-01-26T19:49:51.1642555Z Get:75 http://azure.archive.ubuntu.com/ubuntu noble-updates/main amd64 liblapack3 amd64 3.12.0-3build1.1 [2646 kB]
2026-01-26T19:49:51.2373271Z Get:76 http://azure.archive.ubuntu.com/ubuntu noble/main amd64 libasyncns0 amd64 0.8-6build4 [11.3 kB]
2026-01-26T19:49:51.2400603Z Get:77 http://azure.archive.ubuntu.com/ubuntu noble/main amd64 libflac12t64 amd64 1.4.3+ds-2.1ubuntu2 [197 kB]
2026-01-26T19:49:51.2443965Z Get:78 http://azure.archive.ubuntu.com/ubuntu noble-updates/main amd64 libsndfile1 amd64 1.2.2-1ubuntu5.24.04.1 [209 kB]
2026-01-26T19:49:51.2488864Z Get:79 http://azure.archive.ubuntu.com/ubuntu noble-updates/main amd64 libpulse0 amd64 1:16.1+dfsg1-2ubuntu10.1 [292 kB]
2026-01-26T19:49:51.2548600Z Get:80 http://azure.archive.ubuntu.com/ubuntu noble/universe amd64 libsphinxbase3t64 amd64 0.8+5prealpha+1-17build2 [126 kB]
2026-01-26T19:49:51.2591149Z Get:81 http://azure.archive.ubuntu.com/ubuntu noble/universe amd64 libpocketsphinx3 amd64 0.8.0+real5prealpha+1-15ubuntu5 [133 kB]
2026-01-26T19:49:51.2628175Z Get:82 http://azure.archive.ubuntu.com/ubuntu noble/universe amd64 libpostproc57 amd64 7:6.1.1-3ubuntu5 [49.9 kB]
2026-01-26T19:49:51.2669309Z Get:83 http://azure.archive.ubuntu.com/ubuntu noble/main amd64 libsamplerate0 amd64 0.2.2-4build1 [1344 kB]
2026-01-26T19:49:51.2879658Z Get:84 http://azure.archive.ubuntu.com/ubuntu noble/universe amd64 librubberband2 amd64 3.3.0+dfsg-2build1 [130 kB]
2026-01-26T19:49:51.2911675Z Get:85 http://azure.archive.ubuntu.com/ubuntu noble/universe amd64 libswscale7 amd64 7:6.1.1-3ubuntu5 [193 kB]
2026-01-26T19:49:51.2953249Z Get:86 http://azure.archive.ubuntu.com/ubuntu noble/universe amd64 libvidstab1.1 amd64 1.1.0-2build1 [38.5 kB]
2026-01-26T19:49:51.2982302Z Get:87 http://azure.archive.ubuntu.com/ubuntu noble/universe amd64 libzimg2 amd64 3.0.5+ds1-1build1 [254 kB]
2026-01-26T19:49:51.3031645Z Get:88 http://azure.archive.ubuntu.com/ubuntu noble/universe amd64 libavfilter9 amd64 7:6.1.1-3ubuntu5 [4235 kB]
2026-01-26T19:49:51.3478934Z Get:89 http://azure.archive.ubuntu.com/ubuntu noble-updates/main amd64 liborc-0.4-0t64 amd64 1:0.4.38-1ubuntu0.1 [207 kB]
2026-01-26T19:49:51.3554914Z Get:90 http://azure.archive.ubuntu.com/ubuntu noble-updates/main amd64 libgstreamer-plugins-base1.0-0 amd64 1.24.2-1ubuntu0.3 [862 kB]
2026-01-26T19:49:51.3680549Z Get:91 http://azure.archive.ubuntu.com/ubuntu noble/universe amd64 gstreamer1.0-libav amd64 1.24.1-1build1 [103 kB]
2026-01-26T19:49:51.3718517Z Get:92 http://azure.archive.ubuntu.com/ubuntu noble/main amd64 libcdparanoia0 amd64 3.10.2+debian-14build3 [48.5 kB]
2026-01-26T19:49:51.3747347Z Get:93 http://azure.archive.ubuntu.com/ubuntu noble/main amd64 libvisual-0.4-0 amd64 0.4.2-2build1 [115 kB]
2026-01-26T19:49:51.3777247Z Get:94 http://azure.archive.ubuntu.com/ubuntu noble-updates/main amd64 gstreamer1.0-plugins-base amd64 1.24.2-1ubuntu0.3 [721 kB]
2026-01-26T19:49:51.4295775Z Get:95 http://azure.archive.ubuntu.com/ubuntu noble/main amd64 libaa1 amd64 1.4p5-51.1 [49.9 kB]
2026-01-26T19:49:51.4324040Z Get:96 http://azure.archive.ubuntu.com/ubuntu noble/main amd64 libraw1394-11 amd64 2.1.2-2build3 [26.2 kB]
2026-01-26T19:49:51.4350259Z Get:97 http://azure.archive.ubuntu.com/ubuntu noble/main amd64 libavc1394-0 amd64 0.5.4-5build3 [15.4 kB]
2026-01-26T19:49:51.4374038Z Get:98 http://azure.archive.ubuntu.com/ubuntu noble-updates/main amd64 libcaca0 amd64 0.99.beta20-4ubuntu0.1 [209 kB]
2026-01-26T19:49:51.4416317Z Get:99 http://azure.archive.ubuntu.com/ubuntu noble/main amd64 libdv4t64 amd64 1.0.0-17.1build1 [63.2 kB]
2026-01-26T19:49:51.4447795Z Get:100 http://azure.archive.ubuntu.com/ubuntu noble-updates/main amd64 libgstreamer-plugins-good1.0-0 amd64 1.24.2-1ubuntu1.2 [33.0 kB]
2026-01-26T19:49:51.4470308Z Get:101 http://azure.archive.ubuntu.com/ubuntu noble/main amd64 libiec61883-0 amd64 1.2.0-6build1 [24.5 kB]
2026-01-26T19:49:51.4499702Z Get:102 http://azure.archive.ubuntu.com/ubuntu noble/main amd64 libshout3 amd64 2.4.6-1build2 [50.3 kB]
2026-01-26T19:49:51.4550660Z Get:103 http://azure.archive.ubuntu.com/ubuntu noble/main amd64 libtag1v5-vanilla amd64 1.13.1-1build1 [326 kB]
2026-01-26T19:49:51.4599993Z Get:104 http://azure.archive.ubuntu.com/ubuntu noble/main amd64 libtag1v5 amd64 1.13.1-1build1 [11.7 kB]
2026-01-26T19:49:51.4617226Z Get:105 http://azure.archive.ubuntu.com/ubuntu noble/main amd64 libv4lconvert0t64 amd64 1.26.1-4build3 [87.6 kB]
2026-01-26T19:49:51.4639570Z Get:106 http://azure.archive.ubuntu.com/ubuntu noble/main amd64 libv4l-0t64 amd64 1.26.1-4build3 [46.9 kB]
2026-01-26T19:49:51.4696258Z Get:107 http://azure.archive.ubuntu.com/ubuntu noble/main amd64 libwavpack1 amd64 5.6.0-1build1 [84.6 kB]
2026-01-26T19:49:51.4717217Z Get:108 http://azure.archive.ubuntu.com/ubuntu noble-updates/main amd64 libsoup-3.0-common all 3.4.4-5ubuntu0.6 [11.4 kB]
2026-01-26T19:49:51.4733109Z Get:109 http://azure.archive.ubuntu.com/ubuntu noble-updates/main amd64 libsoup-3.0-0 amd64 3.4.4-5ubuntu0.6 [291 kB]
2026-01-26T19:49:51.4768956Z Get:110 http://azure.archive.ubuntu.com/ubuntu noble-updates/main amd64 gstreamer1.0-plugins-good amd64 1.24.2-1ubuntu1.2 [2238 kB]
2026-01-26T19:49:51.4956676Z Get:111 http://azure.archive.ubuntu.com/ubuntu noble-updates/main amd64 libabsl20220623t64 amd64 20220623.1-3.1ubuntu3.2 [423 kB]
2026-01-26T19:49:51.5004066Z Get:112 http://azure.archive.ubuntu.com/ubuntu noble/universe amd64 libgav1-1 amd64 0.18.0-1build3 [357 kB]
2026-01-26T19:49:51.5049722Z Get:113 http://azure.archive.ubuntu.com/ubuntu noble/universe amd64 libyuv0 amd64 0.0~git202401110.af6ac82-1 [178 kB]
2026-01-26T19:49:51.5077149Z Get:114 http://azure.archive.ubuntu.com/ubuntu noble/universe amd64 libavif16 amd64 1.0.4-1ubuntu3 [91.2 kB]
2026-01-26T19:49:51.5100664Z Get:115 http://azure.archive.ubuntu.com/ubuntu noble/universe amd64 libavtp0 amd64 0.2.0-1build1 [6414 B]
2026-01-26T19:49:51.5117636Z Get:116 http://azure.archive.ubuntu.com/ubuntu noble/main amd64 libcairo-script-interpreter2 amd64 1.18.0-3build1 [60.3 kB]
2026-01-26T19:49:51.5137302Z Get:117 http://azure.archive.ubuntu.com/ubuntu noble/universe amd64 libdc1394-25 amd64 2.2.6-4build1 [90.1 kB]
2026-01-26T19:49:51.5160704Z Get:118 http://azure.archive.ubuntu.com/ubuntu noble/main amd64 libdecor-0-0 amd64 0.2.2-1build2 [16.5 kB]
2026-01-26T19:49:51.5183011Z Get:119 http://azure.archive.ubuntu.com/ubuntu noble/main amd64 libgles2 amd64 1.7.0-1build1 [17.1 kB]
2026-01-26T19:49:51.5201564Z Get:120 http://azure.archive.ubuntu.com/ubuntu noble/universe amd64 libdirectfb-1.7-7t64 amd64 1.7.7-11.1ubuntu2 [1035 kB]
2026-01-26T19:49:51.5802867Z Get:121 http://azure.archive.ubuntu.com/ubuntu noble/universe amd64 libdvdread8t64 amd64 6.1.3-1.1build1 [54.7 kB]
2026-01-26T19:49:51.5828187Z Get:122 http://azure.archive.ubuntu.com/ubuntu noble/universe amd64 libdvdnav4 amd64 6.1.1-3build1 [39.5 kB]
2026-01-26T19:49:51.5849694Z Get:123 http://azure.archive.ubuntu.com/ubuntu noble-updates/main amd64 libegl-mesa0 amd64 25.0.7-0ubuntu0.24.04.2 [124 kB]
2026-01-26T19:49:51.5877301Z Get:124 http://azure.archive.ubuntu.com/ubuntu noble/main amd64 libevent-2.1-7t64 amd64 2.1.12-stable-9ubuntu2 [145 kB]
2026-01-26T19:49:51.5904102Z Get:125 http://azure.archive.ubuntu.com/ubuntu noble/universe amd64 libfaad2 amd64 2.11.1-1build1 [207 kB]
2026-01-26T19:49:51.5938894Z Get:126 http://azure.archive.ubuntu.com/ubuntu noble/universe amd64 libinstpatch-1.0-2 amd64 1.1.6-1build2 [251 kB]
2026-01-26T19:49:51.5972211Z Get:127 http://azure.archive.ubuntu.com/ubuntu noble/main amd64 libjack-jackd2-0 amd64 1.9.21~dfsg-3ubuntu3 [289 kB]
2026-01-26T19:49:51.6006892Z Get:128 http://azure.archive.ubuntu.com/ubuntu noble/main amd64 libwebrtc-audio-processing1 amd64 0.3.1-0ubuntu6 [290 kB]
2026-01-26T19:49:51.6065398Z Get:129 http://azure.archive.ubuntu.com/ubuntu noble-updates/main amd64 libspa-0.2-modules amd64 1.0.5-1ubuntu3.2 [627 kB]
2026-01-26T19:49:51.6119938Z Get:130 http://azure.archive.ubuntu.com/ubuntu noble-updates/main amd64 libpipewire-0.3-0t64 amd64 1.0.5-1ubuntu3.2 [252 kB]
2026-01-26T19:49:51.6167262Z Get:131 http://azure.archive.ubuntu.com/ubuntu noble-updates/main amd64 libsdl2-2.0-0 amd64 2.30.0+dfsg-1ubuntu3.1 [686 kB]
2026-01-26T19:49:51.6224408Z Get:132 http://azure.archive.ubuntu.com/ubuntu noble/universe amd64 timgm6mb-soundfont all 1.3-5 [5427 kB]
2026-01-26T19:49:51.6586449Z Get:133 http://azure.archive.ubuntu.com/ubuntu noble/universe amd64 libfluidsynth3 amd64 2.3.4-1build3 [249 kB]
2026-01-26T19:49:51.6634277Z Get:134 http://azure.archive.ubuntu.com/ubuntu noble/main amd64 libfreeaptx0 amd64 0.1.1-2build1 [13.5 kB]
2026-01-26T19:49:51.6653778Z Get:135 http://azure.archive.ubuntu.com/ubuntu noble/main amd64 libgraphene-1.0-0 amd64 1.10.8-3build2 [46.2 kB]
2026-01-26T19:49:51.6673835Z Get:136 http://azure.archive.ubuntu.com/ubuntu noble/main amd64 libgssdp-1.6-0 amd64 1.6.3-1build3 [40.4 kB]
2026-01-26T19:49:51.6705753Z Get:137 http://azure.archive.ubuntu.com/ubuntu noble/main amd64 libegl1 amd64 1.7.0-1build1 [28.7 kB]
2026-01-26T19:49:51.6727371Z Get:138 http://azure.archive.ubuntu.com/ubuntu noble-updates/main amd64 libgstreamer-gl1.0-0 amd64 1.24.2-1ubuntu0.3 [214 kB]
2026-01-26T19:49:51.7197725Z Get:139 http://azure.archive.ubuntu.com/ubuntu noble-updates/main amd64 libgtk-4-common all 4.14.5+ds-0ubuntu0.7 [1496 kB]
2026-01-26T19:49:51.7335525Z Get:140 http://azure.archive.ubuntu.com/ubuntu noble-updates/main amd64 libgtk-4-1 amd64 4.14.5+ds-0ubuntu0.7 [3294 kB]
2026-01-26T19:49:51.7604415Z Get:141 http://azure.archive.ubuntu.com/ubuntu noble/main amd64 libgupnp-1.6-0 amd64 1.6.6-1build3 [92.7 kB]
2026-01-26T19:49:51.7626927Z Get:142 http://azure.archive.ubuntu.com/ubuntu noble/universe amd64 libgupnp-igd-1.6-0 amd64 1.6.0-3build3 [16.5 kB]
2026-01-26T19:49:51.7643343Z Get:143 http://azure.archive.ubuntu.com/ubuntu noble/main amd64 libharfbuzz-icu0 amd64 8.3.0-2build2 [13.3 kB]
2026-01-26T19:49:51.7661151Z Get:144 http://azure.archive.ubuntu.com/ubuntu noble/main amd64 libhyphen0 amd64 2.8.8-7build3 [26.5 kB]
2026-01-26T19:49:51.7682196Z Get:145 http://azure.archive.ubuntu.com/ubuntu noble/universe amd64 libimath-3-1-29t64 amd64 3.1.9-3.1ubuntu2 [72.2 kB]
2026-01-26T19:49:51.7700142Z Get:146 http://azure.archive.ubuntu.com/ubuntu noble/main amd64 liblc3-1 amd64 1.0.4-3build1 [69.7 kB]
2026-01-26T19:49:51.7724161Z Get:147 http://azure.archive.ubuntu.com/ubuntu noble/main amd64 libldacbt-enc2 amd64 2.0.2.3+git20200429+ed310a0-4ubuntu2 [27.1 kB]
2026-01-26T19:49:51.7753752Z Get:148 http://azure.archive.ubuntu.com/ubuntu noble-updates/main amd64 libxslt1.1 amd64 1.1.39-0exp1ubuntu0.24.04.3 [168 kB]
2026-01-26T19:49:51.7780408Z Get:149 http://azure.archive.ubuntu.com/ubuntu noble-updates/main amd64 libraptor2-0 amd64 2.0.16-3ubuntu0.1 [165 kB]
2026-01-26T19:49:51.7808027Z Get:150 http://azure.archive.ubuntu.com/ubuntu noble/universe amd64 liblrdf0 amd64 0.6.1-4build1 [18.5 kB]
2026-01-26T19:49:51.7828504Z Get:151 http://azure.archive.ubuntu.com/ubuntu noble/universe amd64 libltc11 amd64 1.3.2-1build1 [13.0 kB]
2026-01-26T19:49:51.7846929Z Get:152 http://azure.archive.ubuntu.com/ubuntu noble/main amd64 libmanette-0.2-0 amd64 0.2.7-1build2 [30.6 kB]
2026-01-26T19:49:51.7865604Z Get:153 http://azure.archive.ubuntu.com/ubuntu noble/universe amd64 libmfx1 amd64 22.5.4-1 [3124 kB]
2026-01-26T19:49:51.8116402Z Get:154 http://azure.archive.ubuntu.com/ubuntu noble/universe amd64 libmjpegutils-2.1-0t64 amd64 1:2.1.0+debian-8.1build1 [25.5 kB]
2026-01-26T19:49:51.8135229Z Get:155 http://azure.archive.ubuntu.com/ubuntu noble/universe amd64 libmodplug1 amd64 1:0.8.9.0-3build1 [166 kB]
2026-01-26T19:49:51.8161985Z Get:156 http://azure.archive.ubuntu.com/ubuntu noble/universe amd64 libmpcdec6 amd64 2:0.1~r495-2build1 [32.7 kB]
2026-01-26T19:49:51.8178991Z Get:157 http://azure.archive.ubuntu.com/ubuntu noble/universe amd64 libmpeg2encpp-2.1-0t64 amd64 1:2.1.0+debian-8.1build1 [75.6 kB]
2026-01-26T19:49:51.8636725Z Get:158 http://azure.archive.ubuntu.com/ubuntu noble/universe amd64 libmplex2-2.1-0t64 amd64 1:2.1.0+debian-8.1build1 [46.1 kB]
2026-01-26T19:49:51.8658073Z Get:159 http://azure.archive.ubuntu.com/ubuntu noble/universe amd64 libneon27t64 amd64 0.33.0-1.1build3 [102 kB]
2026-01-26T19:49:51.8682353Z Get:160 http://azure.archive.ubuntu.com/ubuntu noble/universe amd64 libnice10 amd64 0.1.21-2build3 [157 kB]
2026-01-26T19:49:51.8707293Z Get:161 http://azure.archive.ubuntu.com/ubuntu noble/universe amd64 libopenal-data all 1:1.23.1-4build1 [161 kB]
2026-01-26T19:49:51.8732843Z Get:162 http://azure.archive.ubuntu.com/ubuntu noble/universe amd64 libopenexr-3-1-30 amd64 3.1.5-5.1build3 [1004 kB]
2026-01-26T19:49:51.8812910Z Get:163 http://azure.archive.ubuntu.com/ubuntu noble/universe amd64 libopenh264-7 amd64 2.4.1+dfsg-1 [409 kB]
2026-01-26T19:49:51.8872433Z Get:164 http://azure.archive.ubuntu.com/ubuntu noble/universe amd64 libopenni2-0 amd64 2.2.0.33+dfsg-18 [370 kB]
2026-01-26T19:49:51.8910989Z Get:165 http://azure.archive.ubuntu.com/ubuntu noble/universe amd64 libqrencode4 amd64 4.1.1-1build2 [25.0 kB]
2026-01-26T19:49:51.8927315Z Get:166 http://azure.archive.ubuntu.com/ubuntu noble/main amd64 libsecret-common all 0.21.4-1build3 [4962 B]
2026-01-26T19:49:51.8943036Z Get:167 http://azure.archive.ubuntu.com/ubuntu noble/main amd64 libsecret-1-0 amd64 0.21.4-1build3 [116 kB]
2026-01-26T19:49:51.8965038Z Get:168 http://azure.archive.ubuntu.com/ubuntu noble/universe amd64 libsndio7.0 amd64 1.9.0-0.3build3 [29.6 kB]
2026-01-26T19:49:51.8981837Z Get:169 http://azure.archive.ubuntu.com/ubuntu noble/universe amd64 libsoundtouch1 amd64 2.3.2+ds1-1build1 [60.5 kB]
2026-01-26T19:49:51.9000885Z Get:170 http://azure.archive.ubuntu.com/ubuntu noble/universe amd64 libspandsp2t64 amd64 0.0.6+dfsg-2.1build1 [311 kB]
2026-01-26T19:49:51.9036955Z Get:171 http://azure.archive.ubuntu.com/ubuntu noble/universe amd64 libsrtp2-1 amd64 2.5.0-3build1 [41.9 kB]
2026-01-26T19:49:51.9057758Z Get:172 http://azure.archive.ubuntu.com/ubuntu noble-updates/main amd64 libssh-4 amd64 0.10.6-2ubuntu0.2 [188 kB]
2026-01-26T19:49:51.9082307Z Get:173 http://azure.archive.ubuntu.com/ubuntu noble/universe amd64 libwildmidi2 amd64 0.4.3-1build3 [68.5 kB]
2026-01-26T19:49:51.9101983Z Get:174 http://azure.archive.ubuntu.com/ubuntu noble/main amd64 libwoff1 amd64 1.0.2-2build1 [45.3 kB]
2026-01-26T19:49:51.9117314Z Get:175 http://azure.archive.ubuntu.com/ubuntu noble/main amd64 libxcb-xkb1 amd64 1.15-1ubuntu2 [32.3 kB]
2026-01-26T19:49:51.9559207Z Get:176 http://azure.archive.ubuntu.com/ubuntu noble/main amd64 libxkbcommon-x11-0 amd64 1.6.0-1build1 [14.5 kB]
2026-01-26T19:49:51.9575583Z Get:177 http://azure.archive.ubuntu.com/ubuntu noble/universe amd64 libzbar0t64 amd64 0.23.93-4build3 [123 kB]
2026-01-26T19:49:51.9603168Z Get:178 http://azure.archive.ubuntu.com/ubuntu noble/universe amd64 libzxing3 amd64 2.2.1-3 [583 kB]
2026-01-26T19:49:51.9660164Z Get:179 http://azure.archive.ubuntu.com/ubuntu noble/main amd64 xfonts-encodings all 1:1.0.5-0ubuntu2 [578 kB]
2026-01-26T19:49:51.9713121Z Get:180 http://azure.archive.ubuntu.com/ubuntu noble/main amd64 xfonts-utils amd64 1:7.7+6build3 [94.4 kB]
2026-01-26T19:49:51.9737124Z Get:181 http://azure.archive.ubuntu.com/ubuntu noble/universe amd64 xfonts-cyrillic all 1:1.0.5+nmu1 [384 kB]
2026-01-26T19:49:51.9777315Z Get:182 http://azure.archive.ubuntu.com/ubuntu noble/main amd64 xfonts-scalable all 1:1.0.3-1.3 [304 kB]
2026-01-26T19:49:51.9817640Z Get:183 http://azure.archive.ubuntu.com/ubuntu noble/universe amd64 libgstreamer-plugins-bad1.0-0 amd64 1.24.2-1ubuntu4 [797 kB]
2026-01-26T19:49:51.9881902Z Get:184 http://azure.archive.ubuntu.com/ubuntu noble/universe amd64 libdca0 amd64 0.0.7-2build1 [93.8 kB]
2026-01-26T19:49:51.9905198Z Get:185 http://azure.archive.ubuntu.com/ubuntu noble/universe amd64 libopenal1 amd64 1:1.23.1-4build1 [540 kB]
2026-01-26T19:49:51.9988538Z Get:186 http://azure.archive.ubuntu.com/ubuntu noble/main amd64 libsbc1 amd64 2.0-1build1 [33.9 kB]
2026-01-26T19:49:52.0007906Z Get:187 http://azure.archive.ubuntu.com/ubuntu noble/universe amd64 libvo-aacenc0 amd64 0.1.3-2build1 [67.8 kB]
2026-01-26T19:49:52.0029743Z Get:188 http://azure.archive.ubuntu.com/ubuntu noble/universe amd64 libvo-amrwbenc0 amd64 0.1.3-2build1 [76.7 kB]
2026-01-26T19:49:52.0050779Z Get:189 http://azure.archive.ubuntu.com/ubuntu noble/universe amd64 gstreamer1.0-plugins-bad amd64 1.24.2-1ubuntu4 [3081 kB]
2026-01-26T19:49:52.4654500Z Fetched 118 MB in 2s (64.8 MB/s)
2026-01-26T19:49:52.4955257Z Selecting previously unselected package fonts-ipafont-gothic.
2026-01-26T19:49:52.5250080Z (Reading database ... 
2026-01-26T19:49:52.5250567Z (Reading database ... 5%
2026-01-26T19:49:52.5251028Z (Reading database ... 10%
2026-01-26T19:49:52.5251463Z (Reading database ... 15%
2026-01-26T19:49:52.5251789Z (Reading database ... 20%
2026-01-26T19:49:52.5252054Z (Reading database ... 25%
2026-01-26T19:49:52.5252316Z (Reading database ... 30%
2026-01-26T19:49:52.5252576Z (Reading database ... 35%
2026-01-26T19:49:52.5253163Z (Reading database ... 40%
2026-01-26T19:49:52.5253437Z (Reading database ... 45%
2026-01-26T19:49:52.5253697Z (Reading database ... 50%
2026-01-26T19:49:52.5381127Z (Reading database ... 55%
2026-01-26T19:49:52.6923336Z (Reading database ... 60%
2026-01-26T19:49:52.7764444Z (Reading database ... 65%
2026-01-26T19:49:52.8435910Z (Reading database ... 70%
2026-01-26T19:49:52.9545475Z (Reading database ... 75%
2026-01-26T19:49:53.1508065Z (Reading database ... 80%
2026-01-26T19:49:53.3505325Z (Reading database ... 85%
2026-01-26T19:49:53.5942500Z (Reading database ... 90%
2026-01-26T19:49:53.7841029Z (Reading database ... 95%
2026-01-26T19:49:53.7841397Z (Reading database ... 100%
2026-01-26T19:49:53.7841870Z (Reading database ... 217173 files and directories currently installed.)
2026-01-26T19:49:53.7888028Z Preparing to unpack .../000-fonts-ipafont-gothic_00303-21ubuntu1_all.deb ...
2026-01-26T19:49:53.7982753Z Unpacking fonts-ipafont-gothic (00303-21ubuntu1) ...
2026-01-26T19:49:54.0408967Z Preparing to unpack .../001-libglib2.0-data_2.80.0-6ubuntu3.7_all.deb ...
2026-01-26T19:49:54.0451777Z Unpacking libglib2.0-data (2.80.0-6ubuntu3.7) over (2.80.0-6ubuntu3.4) ...
2026-01-26T19:49:54.0873936Z Preparing to unpack .../002-libglib2.0-bin_2.80.0-6ubuntu3.7_amd64.deb ...
2026-01-26T19:49:54.0907631Z Unpacking libglib2.0-bin (2.80.0-6ubuntu3.7) over (2.80.0-6ubuntu3.4) ...
2026-01-26T19:49:54.1855728Z Preparing to unpack .../003-gir1.2-glib-2.0_2.80.0-6ubuntu3.7_amd64.deb ...
2026-01-26T19:49:54.1909077Z Unpacking gir1.2-glib-2.0:amd64 (2.80.0-6ubuntu3.7) over (2.80.0-6ubuntu3.4) ...
2026-01-26T19:49:54.2386973Z Preparing to unpack .../004-libglib2.0-0t64_2.80.0-6ubuntu3.7_amd64.deb ...
2026-01-26T19:49:54.2503111Z Unpacking libglib2.0-0t64:amd64 (2.80.0-6ubuntu3.7) over (2.80.0-6ubuntu3.4) ...
2026-01-26T19:49:54.3149261Z Preparing to unpack .../005-libxml2-dev_2.9.14+dfsg-1.3ubuntu3.7_amd64.deb ...
2026-01-26T19:49:54.3191395Z Unpacking libxml2-dev:amd64 (2.9.14+dfsg-1.3ubuntu3.7) over (2.9.14+dfsg-1.3ubuntu3.6) ...
2026-01-26T19:49:54.3968472Z Preparing to unpack .../006-libxml2_2.9.14+dfsg-1.3ubuntu3.7_amd64.deb ...
2026-01-26T19:49:54.4060482Z Unpacking libxml2:amd64 (2.9.14+dfsg-1.3ubuntu3.7) over (2.9.14+dfsg-1.3ubuntu3.6) ...
2026-01-26T19:49:54.4550498Z Preparing to unpack .../007-libpng16-16t64_1.6.43-5ubuntu0.3_amd64.deb ...
2026-01-26T19:49:54.4592488Z Unpacking libpng16-16t64:amd64 (1.6.43-5ubuntu0.3) over (1.6.43-5build1) ...
2026-01-26T19:49:54.4849808Z Selecting previously unselected package fonts-freefont-ttf.
2026-01-26T19:49:54.4986560Z Preparing to unpack .../008-fonts-freefont-ttf_20211204+svn4273-2_all.deb ...
2026-01-26T19:49:54.4997058Z Unpacking fonts-freefont-ttf (20211204+svn4273-2) ...
2026-01-26T19:49:54.5841495Z Selecting previously unselected package fonts-tlwg-loma-otf.
2026-01-26T19:49:54.5976031Z Preparing to unpack .../009-fonts-tlwg-loma-otf_1%3a0.7.3-1_all.deb ...
2026-01-26T19:49:54.5989787Z Unpacking fonts-tlwg-loma-otf (1:0.7.3-1) ...
2026-01-26T19:49:54.6211927Z Selecting previously unselected package fonts-unifont.
2026-01-26T19:49:54.6344970Z Preparing to unpack .../010-fonts-unifont_1%3a15.1.01-1build1_all.deb ...
2026-01-26T19:49:54.6356644Z Unpacking fonts-unifont (1:15.1.01-1build1) ...
2026-01-26T19:49:54.7619738Z Selecting previously unselected package fonts-wqy-zenhei.
2026-01-26T19:49:54.7753445Z Preparing to unpack .../011-fonts-wqy-zenhei_0.9.45-8_all.deb ...
2026-01-26T19:49:54.7852233Z Unpacking fonts-wqy-zenhei (0.9.45-8) ...
2026-01-26T19:49:55.2478713Z Selecting previously unselected package libproxy1v5:amd64.
2026-01-26T19:49:55.2612254Z Preparing to unpack .../012-libproxy1v5_0.5.4-4build1_amd64.deb ...
2026-01-26T19:49:55.2631432Z Unpacking libproxy1v5:amd64 (0.5.4-4build1) ...
2026-01-26T19:49:55.2869275Z Selecting previously unselected package glib-networking-common.
2026-01-26T19:49:55.3002558Z Preparing to unpack .../013-glib-networking-common_2.80.0-1build1_all.deb ...
2026-01-26T19:49:55.3017048Z Unpacking glib-networking-common (2.80.0-1build1) ...
2026-01-26T19:49:55.3230714Z Selecting previously unselected package glib-networking-services.
2026-01-26T19:49:55.3364267Z Preparing to unpack .../014-glib-networking-services_2.80.0-1build1_amd64.deb ...
2026-01-26T19:49:55.3376330Z Unpacking glib-networking-services (2.80.0-1build1) ...
2026-01-26T19:49:55.3608641Z Selecting previously unselected package session-migration.
2026-01-26T19:49:55.3741237Z Preparing to unpack .../015-session-migration_0.3.9build1_amd64.deb ...
2026-01-26T19:49:55.3750056Z Unpacking session-migration (0.3.9build1) ...
2026-01-26T19:49:55.3985489Z Selecting previously unselected package gsettings-desktop-schemas.
2026-01-26T19:49:55.4118018Z Preparing to unpack .../016-gsettings-desktop-schemas_46.1-0ubuntu1_all.deb ...
2026-01-26T19:49:55.4129359Z Unpacking gsettings-desktop-schemas (46.1-0ubuntu1) ...
2026-01-26T19:49:55.4408081Z Selecting previously unselected package glib-networking:amd64.
2026-01-26T19:49:55.4540555Z Preparing to unpack .../017-glib-networking_2.80.0-1build1_amd64.deb ...
2026-01-26T19:49:55.4551967Z Unpacking glib-networking:amd64 (2.80.0-1build1) ...
2026-01-26T19:49:55.4802694Z Selecting previously unselected package libva2:amd64.
2026-01-26T19:49:55.4936139Z Preparing to unpack .../018-libva2_2.20.0-2build1_amd64.deb ...
2026-01-26T19:49:55.4946205Z Unpacking libva2:amd64 (2.20.0-2build1) ...
2026-01-26T19:49:55.5199220Z Selecting previously unselected package libva-drm2:amd64.
2026-01-26T19:49:55.5331178Z Preparing to unpack .../019-libva-drm2_2.20.0-2build1_amd64.deb ...
2026-01-26T19:49:55.5343823Z Unpacking libva-drm2:amd64 (2.20.0-2build1) ...
2026-01-26T19:49:55.5584328Z Selecting previously unselected package libva-x11-2:amd64.
2026-01-26T19:49:55.5718066Z Preparing to unpack .../020-libva-x11-2_2.20.0-2build1_amd64.deb ...
2026-01-26T19:49:55.5731494Z Unpacking libva-x11-2:amd64 (2.20.0-2build1) ...
2026-01-26T19:49:55.5970271Z Selecting previously unselected package libvdpau1:amd64.
2026-01-26T19:49:55.6103934Z Preparing to unpack .../021-libvdpau1_1.5-2build1_amd64.deb ...
2026-01-26T19:49:55.6128527Z Unpacking libvdpau1:amd64 (1.5-2build1) ...
2026-01-26T19:49:55.6372293Z Selecting previously unselected package libvpl2.
2026-01-26T19:49:55.6506693Z Preparing to unpack .../022-libvpl2_2023.3.0-1build1_amd64.deb ...
2026-01-26T19:49:55.6516991Z Unpacking libvpl2 (2023.3.0-1build1) ...
2026-01-26T19:49:55.6792339Z Selecting previously unselected package ocl-icd-libopencl1:amd64.
2026-01-26T19:49:55.6925642Z Preparing to unpack .../023-ocl-icd-libopencl1_2.3.2-1build1_amd64.deb ...
2026-01-26T19:49:55.6946186Z Unpacking ocl-icd-libopencl1:amd64 (2.3.2-1build1) ...
2026-01-26T19:49:55.7229360Z Selecting previously unselected package libavutil58:amd64.
2026-01-26T19:49:55.7362744Z Preparing to unpack .../024-libavutil58_7%3a6.1.1-3ubuntu5_amd64.deb ...
2026-01-26T19:49:55.7378937Z Unpacking libavutil58:amd64 (7:6.1.1-3ubuntu5) ...
2026-01-26T19:49:55.7657543Z Selecting previously unselected package libcodec2-1.2:amd64.
2026-01-26T19:49:55.7790389Z Preparing to unpack .../025-libcodec2-1.2_1.2.0-2build1_amd64.deb ...
2026-01-26T19:49:55.7800798Z Unpacking libcodec2-1.2:amd64 (1.2.0-2build1) ...
2026-01-26T19:49:55.8642869Z Selecting previously unselected package libdav1d7:amd64.
2026-01-26T19:49:55.8777622Z Preparing to unpack .../026-libdav1d7_1.4.1-1build1_amd64.deb ...
2026-01-26T19:49:55.8785087Z Unpacking libdav1d7:amd64 (1.4.1-1build1) ...
2026-01-26T19:49:55.9081807Z Selecting previously unselected package libgsm1:amd64.
2026-01-26T19:49:55.9216299Z Preparing to unpack .../027-libgsm1_1.0.22-1build1_amd64.deb ...
2026-01-26T19:49:55.9226665Z Unpacking libgsm1:amd64 (1.0.22-1build1) ...
2026-01-26T19:49:55.9454458Z Selecting previously unselected package libhwy1t64:amd64.
2026-01-26T19:49:55.9586949Z Preparing to unpack .../028-libhwy1t64_1.0.7-8.1build1_amd64.deb ...
2026-01-26T19:49:55.9600152Z Unpacking libhwy1t64:amd64 (1.0.7-8.1build1) ...
2026-01-26T19:49:55.9949786Z Selecting previously unselected package libjxl0.7:amd64.
2026-01-26T19:49:56.0084639Z Preparing to unpack .../029-libjxl0.7_0.7.0-10.2ubuntu6.1_amd64.deb ...
2026-01-26T19:49:56.0099713Z Unpacking libjxl0.7:amd64 (0.7.0-10.2ubuntu6.1) ...
2026-01-26T19:49:56.0495520Z Selecting previously unselected package libmp3lame0:amd64.
2026-01-26T19:49:56.0632279Z Preparing to unpack .../030-libmp3lame0_3.100-6build1_amd64.deb ...
2026-01-26T19:49:56.0643020Z Unpacking libmp3lame0:amd64 (3.100-6build1) ...
2026-01-26T19:49:56.0896430Z Selecting previously unselected package libopus0:amd64.
2026-01-26T19:49:56.1029404Z Preparing to unpack .../031-libopus0_1.4-1build1_amd64.deb ...
2026-01-26T19:49:56.1042711Z Unpacking libopus0:amd64 (1.4-1build1) ...
2026-01-26T19:49:56.1285378Z Selecting previously unselected package librav1e0:amd64.
2026-01-26T19:49:56.1418607Z Preparing to unpack .../032-librav1e0_0.7.1-2_amd64.deb ...
2026-01-26T19:49:56.1430610Z Unpacking librav1e0:amd64 (0.7.1-2) ...
2026-01-26T19:49:56.1790056Z Selecting previously unselected package librsvg2-2:amd64.
2026-01-26T19:49:56.1922825Z Preparing to unpack .../033-librsvg2-2_2.58.0+dfsg-1build1_amd64.deb ...
2026-01-26T19:49:56.1935487Z Unpacking librsvg2-2:amd64 (2.58.0+dfsg-1build1) ...
2026-01-26T19:49:56.2459953Z Selecting previously unselected package libshine3:amd64.
2026-01-26T19:49:56.2594512Z Preparing to unpack .../034-libshine3_3.1.1-2build1_amd64.deb ...
2026-01-26T19:49:56.2603983Z Unpacking libshine3:amd64 (3.1.1-2build1) ...
2026-01-26T19:49:56.2843986Z Selecting previously unselected package libspeex1:amd64.
2026-01-26T19:49:56.2976813Z Preparing to unpack .../035-libspeex1_1.2.1-2ubuntu2.24.04.1_amd64.deb ...
2026-01-26T19:49:56.2987697Z Unpacking libspeex1:amd64 (1.2.1-2ubuntu2.24.04.1) ...
2026-01-26T19:49:56.3230409Z Selecting previously unselected package libsvtav1enc1d1:amd64.
2026-01-26T19:49:56.3363888Z Preparing to unpack .../036-libsvtav1enc1d1_1.7.0+dfsg-2build1_amd64.deb ...
2026-01-26T19:49:56.3376542Z Unpacking libsvtav1enc1d1:amd64 (1.7.0+dfsg-2build1) ...
2026-01-26T19:49:56.3871574Z Selecting previously unselected package libsoxr0:amd64.
2026-01-26T19:49:56.4004659Z Preparing to unpack .../037-libsoxr0_0.1.3-4build3_amd64.deb ...
2026-01-26T19:49:56.4020927Z Unpacking libsoxr0:amd64 (0.1.3-4build3) ...
2026-01-26T19:49:56.4250183Z Selecting previously unselected package libswresample4:amd64.
2026-01-26T19:49:56.4383267Z Preparing to unpack .../038-libswresample4_7%3a6.1.1-3ubuntu5_amd64.deb ...
2026-01-26T19:49:56.4390950Z Unpacking libswresample4:amd64 (7:6.1.1-3ubuntu5) ...
2026-01-26T19:49:56.4619813Z Selecting previously unselected package libtheora0:amd64.
2026-01-26T19:49:56.4752614Z Preparing to unpack .../039-libtheora0_1.1.1+dfsg.1-16.1build3_amd64.deb ...
2026-01-26T19:49:56.4762500Z Unpacking libtheora0:amd64 (1.1.1+dfsg.1-16.1build3) ...
2026-01-26T19:49:56.4998163Z Selecting previously unselected package libtwolame0:amd64.
2026-01-26T19:49:56.5131998Z Preparing to unpack .../040-libtwolame0_0.4.0-2build3_amd64.deb ...
2026-01-26T19:49:56.5143726Z Unpacking libtwolame0:amd64 (0.4.0-2build3) ...
2026-01-26T19:49:56.5363078Z Selecting previously unselected package libvorbisenc2:amd64.
2026-01-26T19:49:56.5495148Z Preparing to unpack .../041-libvorbisenc2_1.3.7-1build3_amd64.deb ...
2026-01-26T19:49:56.5508531Z Unpacking libvorbisenc2:amd64 (1.3.7-1build3) ...
2026-01-26T19:49:56.5743036Z Selecting previously unselected package libvpx9:amd64.
2026-01-26T19:49:56.5878784Z Preparing to unpack .../042-libvpx9_1.14.0-1ubuntu2.2_amd64.deb ...
2026-01-26T19:49:56.5887908Z Unpacking libvpx9:amd64 (1.14.0-1ubuntu2.2) ...
2026-01-26T19:49:56.6257820Z Selecting previously unselected package libx264-164:amd64.
2026-01-26T19:49:56.6391763Z Preparing to unpack .../043-libx264-164_2%3a0.164.3108+git31e19f9-1_amd64.deb ...
2026-01-26T19:49:56.6403932Z Unpacking libx264-164:amd64 (2:0.164.3108+git31e19f9-1) ...
2026-01-26T19:49:56.6702183Z Selecting previously unselected package libx265-199:amd64.
2026-01-26T19:49:56.6835469Z Preparing to unpack .../044-libx265-199_3.5-2build1_amd64.deb ...
2026-01-26T19:49:56.6846215Z Unpacking libx265-199:amd64 (3.5-2build1) ...
2026-01-26T19:49:56.7562613Z Selecting previously unselected package libxvidcore4:amd64.
2026-01-26T19:49:56.7698246Z Preparing to unpack .../045-libxvidcore4_2%3a1.3.7-1build1_amd64.deb ...
2026-01-26T19:49:56.7707689Z Unpacking libxvidcore4:amd64 (2:1.3.7-1build1) ...
2026-01-26T19:49:56.7943527Z Selecting previously unselected package libzvbi-common.
2026-01-26T19:49:56.8077193Z Preparing to unpack .../046-libzvbi-common_0.2.42-2_all.deb ...
2026-01-26T19:49:56.8085056Z Unpacking libzvbi-common (0.2.42-2) ...
2026-01-26T19:49:56.8398501Z Selecting previously unselected package libzvbi0t64:amd64.
2026-01-26T19:49:56.8530447Z Preparing to unpack .../047-libzvbi0t64_0.2.42-2_amd64.deb ...
2026-01-26T19:49:56.8538799Z Unpacking libzvbi0t64:amd64 (0.2.42-2) ...
2026-01-26T19:49:56.8824283Z Selecting previously unselected package libavcodec60:amd64.
2026-01-26T19:49:56.8955335Z Preparing to unpack .../048-libavcodec60_7%3a6.1.1-3ubuntu5_amd64.deb ...
2026-01-26T19:49:56.8966438Z Unpacking libavcodec60:amd64 (7:6.1.1-3ubuntu5) ...
2026-01-26T19:49:56.9872666Z Selecting previously unselected package libunibreak5:amd64.
2026-01-26T19:49:57.0005457Z Preparing to unpack .../049-libunibreak5_5.1-2build1_amd64.deb ...
2026-01-26T19:49:57.0018069Z Unpacking libunibreak5:amd64 (5.1-2build1) ...
2026-01-26T19:49:57.0265468Z Selecting previously unselected package libass9:amd64.
2026-01-26T19:49:57.0398916Z Preparing to unpack .../050-libass9_1%3a0.17.1-2build1_amd64.deb ...
2026-01-26T19:49:57.0413743Z Unpacking libass9:amd64 (1:0.17.1-2build1) ...
2026-01-26T19:49:57.0683551Z Selecting previously unselected package libudfread0:amd64.
2026-01-26T19:49:57.0820905Z Preparing to unpack .../051-libudfread0_1.1.2-1build1_amd64.deb ...
2026-01-26T19:49:57.0831718Z Unpacking libudfread0:amd64 (1.1.2-1build1) ...
2026-01-26T19:49:57.1073655Z Selecting previously unselected package libbluray2:amd64.
2026-01-26T19:49:57.1207757Z Preparing to unpack .../052-libbluray2_1%3a1.3.4-1build1_amd64.deb ...
2026-01-26T19:49:57.1220150Z Unpacking libbluray2:amd64 (1:1.3.4-1build1) ...
2026-01-26T19:49:57.1477461Z Selecting previously unselected package libchromaprint1:amd64.
2026-01-26T19:49:57.1610877Z Preparing to unpack .../053-libchromaprint1_1.5.1-5_amd64.deb ...
2026-01-26T19:49:57.1622699Z Unpacking libchromaprint1:amd64 (1.5.1-5) ...
2026-01-26T19:49:57.1862563Z Selecting previously unselected package libgme0:amd64.
2026-01-26T19:49:57.1996885Z Preparing to unpack .../054-libgme0_0.6.3-7build1_amd64.deb ...
2026-01-26T19:49:57.2006710Z Unpacking libgme0:amd64 (0.6.3-7build1) ...
2026-01-26T19:49:57.2275865Z Selecting previously unselected package libmpg123-0t64:amd64.
2026-01-26T19:49:57.2409597Z Preparing to unpack .../055-libmpg123-0t64_1.32.5-1ubuntu1.1_amd64.deb ...
2026-01-26T19:49:57.2418164Z Unpacking libmpg123-0t64:amd64 (1.32.5-1ubuntu1.1) ...
2026-01-26T19:49:57.2666230Z Selecting previously unselected package libopenmpt0t64:amd64.
2026-01-26T19:49:57.2801370Z Preparing to unpack .../056-libopenmpt0t64_0.7.3-1.1build3_amd64.deb ...
2026-01-26T19:49:57.2813584Z Unpacking libopenmpt0t64:amd64 (0.7.3-1.1build3) ...
2026-01-26T19:49:57.3137504Z Selecting previously unselected package libcjson1:amd64.
2026-01-26T19:49:57.3271593Z Preparing to unpack .../057-libcjson1_1.7.17-1_amd64.deb ...
2026-01-26T19:49:57.3282667Z Unpacking libcjson1:amd64 (1.7.17-1) ...
2026-01-26T19:49:57.3512951Z Selecting previously unselected package libmbedcrypto7t64:amd64.
2026-01-26T19:49:57.3645765Z Preparing to unpack .../058-libmbedcrypto7t64_2.28.8-1_amd64.deb ...
2026-01-26T19:49:57.3658967Z Unpacking libmbedcrypto7t64:amd64 (2.28.8-1) ...
2026-01-26T19:49:57.3926574Z Selecting previously unselected package librist4:amd64.
2026-01-26T19:49:57.4058888Z Preparing to unpack .../059-librist4_0.2.10+dfsg-2_amd64.deb ...
2026-01-26T19:49:57.4073403Z Unpacking librist4:amd64 (0.2.10+dfsg-2) ...
2026-01-26T19:49:57.4303173Z Selecting previously unselected package libsrt1.5-gnutls:amd64.
2026-01-26T19:49:57.4436762Z Preparing to unpack .../060-libsrt1.5-gnutls_1.5.3-1build2_amd64.deb ...
2026-01-26T19:49:57.4453263Z Unpacking libsrt1.5-gnutls:amd64 (1.5.3-1build2) ...
2026-01-26T19:49:57.4714328Z Selecting previously unselected package libssh-gcrypt-4:amd64.
2026-01-26T19:49:57.4847252Z Preparing to unpack .../061-libssh-gcrypt-4_0.10.6-2ubuntu0.2_amd64.deb ...
2026-01-26T19:49:57.4866954Z Unpacking libssh-gcrypt-4:amd64 (0.10.6-2ubuntu0.2) ...
2026-01-26T19:49:57.5152577Z Selecting previously unselected package libavformat60:amd64.
2026-01-26T19:49:57.5285009Z Preparing to unpack .../062-libavformat60_7%3a6.1.1-3ubuntu5_amd64.deb ...
2026-01-26T19:49:57.5307374Z Unpacking libavformat60:amd64 (7:6.1.1-3ubuntu5) ...
2026-01-26T19:49:57.5661410Z Selecting previously unselected package libbs2b0:amd64.
2026-01-26T19:49:57.5795715Z Preparing to unpack .../063-libbs2b0_3.1.0+dfsg-7build1_amd64.deb ...
2026-01-26T19:49:57.5808622Z Unpacking libbs2b0:amd64 (3.1.0+dfsg-7build1) ...
2026-01-26T19:49:57.6089295Z Selecting previously unselected package libflite1:amd64.
2026-01-26T19:49:57.6223645Z Preparing to unpack .../064-libflite1_2.2-6build3_amd64.deb ...
2026-01-26T19:49:57.6235477Z Unpacking libflite1:amd64 (2.2-6build3) ...
2026-01-26T19:49:57.7442006Z Selecting previously unselected package libserd-0-0:amd64.
2026-01-26T19:49:57.7576502Z Preparing to unpack .../065-libserd-0-0_0.32.2-1_amd64.deb ...
2026-01-26T19:49:57.7585878Z Unpacking libserd-0-0:amd64 (0.32.2-1) ...
2026-01-26T19:49:57.7839518Z Selecting previously unselected package libzix-0-0:amd64.
2026-01-26T19:49:57.7972466Z Preparing to unpack .../066-libzix-0-0_0.4.2-2build1_amd64.deb ...
2026-01-26T19:49:57.7984676Z Unpacking libzix-0-0:amd64 (0.4.2-2build1) ...
2026-01-26T19:49:57.8213989Z Selecting previously unselected package libsord-0-0:amd64.
2026-01-26T19:49:57.8349420Z Preparing to unpack .../067-libsord-0-0_0.16.16-2build1_amd64.deb ...
2026-01-26T19:49:57.8362382Z Unpacking libsord-0-0:amd64 (0.16.16-2build1) ...
2026-01-26T19:49:57.8627015Z Selecting previously unselected package libsratom-0-0:amd64.
2026-01-26T19:49:57.8763302Z Preparing to unpack .../068-libsratom-0-0_0.6.16-1build1_amd64.deb ...
2026-01-26T19:49:57.8772873Z Unpacking libsratom-0-0:amd64 (0.6.16-1build1) ...
2026-01-26T19:49:57.9038149Z Selecting previously unselected package liblilv-0-0:amd64.
2026-01-26T19:49:57.9173318Z Preparing to unpack .../069-liblilv-0-0_0.24.22-1build1_amd64.deb ...
2026-01-26T19:49:57.9187197Z Unpacking liblilv-0-0:amd64 (0.24.22-1build1) ...
2026-01-26T19:49:57.9470768Z Selecting previously unselected package libmysofa1:amd64.
2026-01-26T19:49:57.9604910Z Preparing to unpack .../070-libmysofa1_1.3.2+dfsg-2ubuntu2_amd64.deb ...
2026-01-26T19:49:57.9618216Z Unpacking libmysofa1:amd64 (1.3.2+dfsg-2ubuntu2) ...
2026-01-26T19:49:57.9912835Z Selecting previously unselected package libplacebo338:amd64.
2026-01-26T19:49:58.0048034Z Preparing to unpack .../071-libplacebo338_6.338.2-2build1_amd64.deb ...
2026-01-26T19:49:58.0062366Z Unpacking libplacebo338:amd64 (6.338.2-2build1) ...
2026-01-26T19:49:58.0673529Z Selecting previously unselected package libblas3:amd64.
2026-01-26T19:49:58.0808541Z Preparing to unpack .../072-libblas3_3.12.0-3build1.1_amd64.deb ...
2026-01-26T19:49:58.0844610Z Unpacking libblas3:amd64 (3.12.0-3build1.1) ...
2026-01-26T19:49:58.1134089Z Selecting previously unselected package liblapack3:amd64.
2026-01-26T19:49:58.1268413Z Preparing to unpack .../073-liblapack3_3.12.0-3build1.1_amd64.deb ...
2026-01-26T19:49:58.1305240Z Unpacking liblapack3:amd64 (3.12.0-3build1.1) ...
2026-01-26T19:49:58.1862708Z Selecting previously unselected package libasyncns0:amd64.
2026-01-26T19:49:58.1996316Z Preparing to unpack .../074-libasyncns0_0.8-6build4_amd64.deb ...
2026-01-26T19:49:58.2017160Z Unpacking libasyncns0:amd64 (0.8-6build4) ...
2026-01-26T19:49:58.2267234Z Selecting previously unselected package libflac12t64:amd64.
2026-01-26T19:49:58.2400287Z Preparing to unpack .../075-libflac12t64_1.4.3+ds-2.1ubuntu2_amd64.deb ...
2026-01-26T19:49:58.2409602Z Unpacking libflac12t64:amd64 (1.4.3+ds-2.1ubuntu2) ...
2026-01-26T19:49:58.2871031Z Selecting previously unselected package libsndfile1:amd64.
2026-01-26T19:49:58.3006133Z Preparing to unpack .../076-libsndfile1_1.2.2-1ubuntu5.24.04.1_amd64.deb ...
2026-01-26T19:49:58.3016946Z Unpacking libsndfile1:amd64 (1.2.2-1ubuntu5.24.04.1) ...
2026-01-26T19:49:58.3320050Z Selecting previously unselected package libpulse0:amd64.
2026-01-26T19:49:58.3453756Z Preparing to unpack .../077-libpulse0_1%3a16.1+dfsg1-2ubuntu10.1_amd64.deb ...
2026-01-26T19:49:58.3520383Z Unpacking libpulse0:amd64 (1:16.1+dfsg1-2ubuntu10.1) ...
2026-01-26T19:49:58.3798259Z Selecting previously unselected package libsphinxbase3t64:amd64.
2026-01-26T19:49:58.3932185Z Preparing to unpack .../078-libsphinxbase3t64_0.8+5prealpha+1-17build2_amd64.deb ...
2026-01-26T19:49:58.3952623Z Unpacking libsphinxbase3t64:amd64 (0.8+5prealpha+1-17build2) ...
2026-01-26T19:49:58.4219010Z Selecting previously unselected package libpocketsphinx3:amd64.
2026-01-26T19:49:58.4352082Z Preparing to unpack .../079-libpocketsphinx3_0.8.0+real5prealpha+1-15ubuntu5_amd64.deb ...
2026-01-26T19:49:58.4364882Z Unpacking libpocketsphinx3:amd64 (0.8.0+real5prealpha+1-15ubuntu5) ...
2026-01-26T19:49:58.4613301Z Selecting previously unselected package libpostproc57:amd64.
2026-01-26T19:49:58.4747904Z Preparing to unpack .../080-libpostproc57_7%3a6.1.1-3ubuntu5_amd64.deb ...
2026-01-26T19:49:58.4765801Z Unpacking libpostproc57:amd64 (7:6.1.1-3ubuntu5) ...
2026-01-26T19:49:58.4997124Z Selecting previously unselected package libsamplerate0:amd64.
2026-01-26T19:49:58.5132022Z Preparing to unpack .../081-libsamplerate0_0.2.2-4build1_amd64.deb ...
2026-01-26T19:49:58.5140249Z Unpacking libsamplerate0:amd64 (0.2.2-4build1) ...
2026-01-26T19:49:58.5427226Z Selecting previously unselected package librubberband2:amd64.
2026-01-26T19:49:58.5560493Z Preparing to unpack .../082-librubberband2_3.3.0+dfsg-2build1_amd64.deb ...
2026-01-26T19:49:58.5569194Z Unpacking librubberband2:amd64 (3.3.0+dfsg-2build1) ...
2026-01-26T19:49:58.5810111Z Selecting previously unselected package libswscale7:amd64.
2026-01-26T19:49:58.5943493Z Preparing to unpack .../083-libswscale7_7%3a6.1.1-3ubuntu5_amd64.deb ...
2026-01-26T19:49:58.5957360Z Unpacking libswscale7:amd64 (7:6.1.1-3ubuntu5) ...
2026-01-26T19:49:58.6206359Z Selecting previously unselected package libvidstab1.1:amd64.
2026-01-26T19:49:58.6339357Z Preparing to unpack .../084-libvidstab1.1_1.1.0-2build1_amd64.deb ...
2026-01-26T19:49:58.6351688Z Unpacking libvidstab1.1:amd64 (1.1.0-2build1) ...
2026-01-26T19:49:58.6585337Z Selecting previously unselected package libzimg2:amd64.
2026-01-26T19:49:58.6718330Z Preparing to unpack .../085-libzimg2_3.0.5+ds1-1build1_amd64.deb ...
2026-01-26T19:49:58.6735056Z Unpacking libzimg2:amd64 (3.0.5+ds1-1build1) ...
2026-01-26T19:49:58.7020366Z Selecting previously unselected package libavfilter9:amd64.
2026-01-26T19:49:58.7152885Z Preparing to unpack .../086-libavfilter9_7%3a6.1.1-3ubuntu5_amd64.deb ...
2026-01-26T19:49:58.7163496Z Unpacking libavfilter9:amd64 (7:6.1.1-3ubuntu5) ...
2026-01-26T19:49:58.7948285Z Selecting previously unselected package liborc-0.4-0t64:amd64.
2026-01-26T19:49:58.8082987Z Preparing to unpack .../087-liborc-0.4-0t64_1%3a0.4.38-1ubuntu0.1_amd64.deb ...
2026-01-26T19:49:58.8100670Z Unpacking liborc-0.4-0t64:amd64 (1:0.4.38-1ubuntu0.1) ...
2026-01-26T19:49:58.8378780Z Selecting previously unselected package libgstreamer-plugins-base1.0-0:amd64.
2026-01-26T19:49:58.8512448Z Preparing to unpack .../088-libgstreamer-plugins-base1.0-0_1.24.2-1ubuntu0.3_amd64.deb ...
2026-01-26T19:49:58.8524377Z Unpacking libgstreamer-plugins-base1.0-0:amd64 (1.24.2-1ubuntu0.3) ...
2026-01-26T19:49:58.8874030Z Selecting previously unselected package gstreamer1.0-libav:amd64.
2026-01-26T19:49:58.9007263Z Preparing to unpack .../089-gstreamer1.0-libav_1.24.1-1build1_amd64.deb ...
2026-01-26T19:49:58.9022466Z Unpacking gstreamer1.0-libav:amd64 (1.24.1-1build1) ...
2026-01-26T19:49:58.9280806Z Selecting previously unselected package libcdparanoia0:amd64.
2026-01-26T19:49:58.9413557Z Preparing to unpack .../090-libcdparanoia0_3.10.2+debian-14build3_amd64.deb ...
2026-01-26T19:49:58.9425523Z Unpacking libcdparanoia0:amd64 (3.10.2+debian-14build3) ...
2026-01-26T19:49:58.9691965Z Selecting previously unselected package libvisual-0.4-0:amd64.
2026-01-26T19:49:58.9826007Z Preparing to unpack .../091-libvisual-0.4-0_0.4.2-2build1_amd64.deb ...
2026-01-26T19:49:58.9835491Z Unpacking libvisual-0.4-0:amd64 (0.4.2-2build1) ...
2026-01-26T19:49:59.0088071Z Selecting previously unselected package gstreamer1.0-plugins-base:amd64.
2026-01-26T19:49:59.0222126Z Preparing to unpack .../092-gstreamer1.0-plugins-base_1.24.2-1ubuntu0.3_amd64.deb ...
2026-01-26T19:49:59.0235388Z Unpacking gstreamer1.0-plugins-base:amd64 (1.24.2-1ubuntu0.3) ...
2026-01-26T19:49:59.0587846Z Selecting previously unselected package libaa1:amd64.
2026-01-26T19:49:59.0722980Z Preparing to unpack .../093-libaa1_1.4p5-51.1_amd64.deb ...
2026-01-26T19:49:59.0738634Z Unpacking libaa1:amd64 (1.4p5-51.1) ...
2026-01-26T19:49:59.0984529Z Selecting previously unselected package libraw1394-11:amd64.
2026-01-26T19:49:59.1117857Z Preparing to unpack .../094-libraw1394-11_2.1.2-2build3_amd64.deb ...
2026-01-26T19:49:59.1129365Z Unpacking libraw1394-11:amd64 (2.1.2-2build3) ...
2026-01-26T19:49:59.1360785Z Selecting previously unselected package libavc1394-0:amd64.
2026-01-26T19:49:59.1493728Z Preparing to unpack .../095-libavc1394-0_0.5.4-5build3_amd64.deb ...
2026-01-26T19:49:59.1516769Z Unpacking libavc1394-0:amd64 (0.5.4-5build3) ...
2026-01-26T19:49:59.1731758Z Selecting previously unselected package libcaca0:amd64.
2026-01-26T19:49:59.1864386Z Preparing to unpack .../096-libcaca0_0.99.beta20-4ubuntu0.1_amd64.deb ...
2026-01-26T19:49:59.1886284Z Unpacking libcaca0:amd64 (0.99.beta20-4ubuntu0.1) ...
2026-01-26T19:49:59.2170604Z Selecting previously unselected package libdv4t64:amd64.
2026-01-26T19:49:59.2303053Z Preparing to unpack .../097-libdv4t64_1.0.0-17.1build1_amd64.deb ...
2026-01-26T19:49:59.2314091Z Unpacking libdv4t64:amd64 (1.0.0-17.1build1) ...
2026-01-26T19:49:59.2569569Z Selecting previously unselected package libgstreamer-plugins-good1.0-0:amd64.
2026-01-26T19:49:59.2702778Z Preparing to unpack .../098-libgstreamer-plugins-good1.0-0_1.24.2-1ubuntu1.2_amd64.deb ...
2026-01-26T19:49:59.2716418Z Unpacking libgstreamer-plugins-good1.0-0:amd64 (1.24.2-1ubuntu1.2) ...
2026-01-26T19:49:59.2964322Z Selecting previously unselected package libiec61883-0:amd64.
2026-01-26T19:49:59.3097918Z Preparing to unpack .../099-libiec61883-0_1.2.0-6build1_amd64.deb ...
2026-01-26T19:49:59.3113820Z Unpacking libiec61883-0:amd64 (1.2.0-6build1) ...
2026-01-26T19:49:59.3363515Z Selecting previously unselected package libshout3:amd64.
2026-01-26T19:49:59.3497384Z Preparing to unpack .../100-libshout3_2.4.6-1build2_amd64.deb ...
2026-01-26T19:49:59.3516693Z Unpacking libshout3:amd64 (2.4.6-1build2) ...
2026-01-26T19:49:59.3741361Z Selecting previously unselected package libtag1v5-vanilla:amd64.
2026-01-26T19:49:59.3873826Z Preparing to unpack .../101-libtag1v5-vanilla_1.13.1-1build1_amd64.deb ...
2026-01-26T19:49:59.3882467Z Unpacking libtag1v5-vanilla:amd64 (1.13.1-1build1) ...
2026-01-26T19:49:59.4152494Z Selecting previously unselected package libtag1v5:amd64.
2026-01-26T19:49:59.4283728Z Preparing to unpack .../102-libtag1v5_1.13.1-1build1_amd64.deb ...
2026-01-26T19:49:59.4292265Z Unpacking libtag1v5:amd64 (1.13.1-1build1) ...
2026-01-26T19:49:59.4533537Z Selecting previously unselected package libv4lconvert0t64:amd64.
2026-01-26T19:49:59.4665317Z Preparing to unpack .../103-libv4lconvert0t64_1.26.1-4build3_amd64.deb ...
2026-01-26T19:49:59.4678136Z Unpacking libv4lconvert0t64:amd64 (1.26.1-4build3) ...
2026-01-26T19:49:59.4941982Z Selecting previously unselected package libv4l-0t64:amd64.
2026-01-26T19:49:59.5072754Z Preparing to unpack .../104-libv4l-0t64_1.26.1-4build3_amd64.deb ...
2026-01-26T19:49:59.5088063Z Unpacking libv4l-0t64:amd64 (1.26.1-4build3) ...
2026-01-26T19:49:59.5355881Z Selecting previously unselected package libwavpack1:amd64.
2026-01-26T19:49:59.5486875Z Preparing to unpack .../105-libwavpack1_5.6.0-1build1_amd64.deb ...
2026-01-26T19:49:59.5512808Z Unpacking libwavpack1:amd64 (5.6.0-1build1) ...
2026-01-26T19:49:59.5729811Z Selecting previously unselected package libsoup-3.0-common.
2026-01-26T19:49:59.5863517Z Preparing to unpack .../106-libsoup-3.0-common_3.4.4-5ubuntu0.6_all.deb ...
2026-01-26T19:49:59.5873930Z Unpacking libsoup-3.0-common (3.4.4-5ubuntu0.6) ...
2026-01-26T19:49:59.6096937Z Selecting previously unselected package libsoup-3.0-0:amd64.
2026-01-26T19:49:59.6232732Z Preparing to unpack .../107-libsoup-3.0-0_3.4.4-5ubuntu0.6_amd64.deb ...
2026-01-26T19:49:59.6242568Z Unpacking libsoup-3.0-0:amd64 (3.4.4-5ubuntu0.6) ...
2026-01-26T19:49:59.6490731Z Selecting previously unselected package gstreamer1.0-plugins-good:amd64.
2026-01-26T19:49:59.6625338Z Preparing to unpack .../108-gstreamer1.0-plugins-good_1.24.2-1ubuntu1.2_amd64.deb ...
2026-01-26T19:49:59.6636886Z Unpacking gstreamer1.0-plugins-good:amd64 (1.24.2-1ubuntu1.2) ...
2026-01-26T19:49:59.7235654Z Selecting previously unselected package libabsl20220623t64:amd64.
2026-01-26T19:49:59.7370231Z Preparing to unpack .../109-libabsl20220623t64_20220623.1-3.1ubuntu3.2_amd64.deb ...
2026-01-26T19:49:59.7390021Z Unpacking libabsl20220623t64:amd64 (20220623.1-3.1ubuntu3.2) ...
2026-01-26T19:49:59.7857569Z Selecting previously unselected package libgav1-1:amd64.
2026-01-26T19:49:59.7990662Z Preparing to unpack .../110-libgav1-1_0.18.0-1build3_amd64.deb ...
2026-01-26T19:49:59.8011568Z Unpacking libgav1-1:amd64 (0.18.0-1build3) ...
2026-01-26T19:49:59.8296130Z Selecting previously unselected package libyuv0:amd64.
2026-01-26T19:49:59.8428166Z Preparing to unpack .../111-libyuv0_0.0~git202401110.af6ac82-1_amd64.deb ...
2026-01-26T19:49:59.8442605Z Unpacking libyuv0:amd64 (0.0~git202401110.af6ac82-1) ...
2026-01-26T19:49:59.8739528Z Selecting previously unselected package libavif16:amd64.
2026-01-26T19:49:59.8872086Z Preparing to unpack .../112-libavif16_1.0.4-1ubuntu3_amd64.deb ...
2026-01-26T19:49:59.8886858Z Unpacking libavif16:amd64 (1.0.4-1ubuntu3) ...
2026-01-26T19:49:59.9146265Z Selecting previously unselected package libavtp0:amd64.
2026-01-26T19:49:59.9279192Z Preparing to unpack .../113-libavtp0_0.2.0-1build1_amd64.deb ...
2026-01-26T19:49:59.9294539Z Unpacking libavtp0:amd64 (0.2.0-1build1) ...
2026-01-26T19:49:59.9530155Z Selecting previously unselected package libcairo-script-interpreter2:amd64.
2026-01-26T19:49:59.9659848Z Preparing to unpack .../114-libcairo-script-interpreter2_1.18.0-3build1_amd64.deb ...
2026-01-26T19:49:59.9670501Z Unpacking libcairo-script-interpreter2:amd64 (1.18.0-3build1) ...
2026-01-26T19:49:59.9928351Z Selecting previously unselected package libdc1394-25:amd64.
2026-01-26T19:50:00.0061237Z Preparing to unpack .../115-libdc1394-25_2.2.6-4build1_amd64.deb ...
2026-01-26T19:50:00.0077451Z Unpacking libdc1394-25:amd64 (2.2.6-4build1) ...
2026-01-26T19:50:00.0323000Z Selecting previously unselected package libdecor-0-0:amd64.
2026-01-26T19:50:00.0457504Z Preparing to unpack .../116-libdecor-0-0_0.2.2-1build2_amd64.deb ...
2026-01-26T19:50:00.0472758Z Unpacking libdecor-0-0:amd64 (0.2.2-1build2) ...
2026-01-26T19:50:00.0712876Z Selecting previously unselected package libgles2:amd64.
2026-01-26T19:50:00.0852328Z Preparing to unpack .../117-libgles2_1.7.0-1build1_amd64.deb ...
2026-01-26T19:50:00.0863128Z Unpacking libgles2:amd64 (1.7.0-1build1) ...
2026-01-26T19:50:00.1120331Z Selecting previously unselected package libdirectfb-1.7-7t64:amd64.
2026-01-26T19:50:00.1256541Z Preparing to unpack .../118-libdirectfb-1.7-7t64_1.7.7-11.1ubuntu2_amd64.deb ...
2026-01-26T19:50:00.1271478Z Unpacking libdirectfb-1.7-7t64:amd64 (1.7.7-11.1ubuntu2) ...
2026-01-26T19:50:00.1725719Z Selecting previously unselected package libdvdread8t64:amd64.
2026-01-26T19:50:00.1858996Z Preparing to unpack .../119-libdvdread8t64_6.1.3-1.1build1_amd64.deb ...
2026-01-26T19:50:00.1886919Z Unpacking libdvdread8t64:amd64 (6.1.3-1.1build1) ...
2026-01-26T19:50:00.2131269Z Selecting previously unselected package libdvdnav4:amd64.
2026-01-26T19:50:00.2267532Z Preparing to unpack .../120-libdvdnav4_6.1.1-3build1_amd64.deb ...
2026-01-26T19:50:00.2285248Z Unpacking libdvdnav4:amd64 (6.1.1-3build1) ...
2026-01-26T19:50:00.2533876Z Selecting previously unselected package libegl-mesa0:amd64.
2026-01-26T19:50:00.2670556Z Preparing to unpack .../121-libegl-mesa0_25.0.7-0ubuntu0.24.04.2_amd64.deb ...
2026-01-26T19:50:00.2682721Z Unpacking libegl-mesa0:amd64 (25.0.7-0ubuntu0.24.04.2) ...
2026-01-26T19:50:00.2932999Z Selecting previously unselected package libevent-2.1-7t64:amd64.
2026-01-26T19:50:00.3068170Z Preparing to unpack .../122-libevent-2.1-7t64_2.1.12-stable-9ubuntu2_amd64.deb ...
2026-01-26T19:50:00.3087158Z Unpacking libevent-2.1-7t64:amd64 (2.1.12-stable-9ubuntu2) ...
2026-01-26T19:50:00.3340884Z Selecting previously unselected package libfaad2:amd64.
2026-01-26T19:50:00.3476383Z Preparing to unpack .../123-libfaad2_2.11.1-1build1_amd64.deb ...
2026-01-26T19:50:00.3487737Z Unpacking libfaad2:amd64 (2.11.1-1build1) ...
2026-01-26T19:50:00.3739459Z Selecting previously unselected package libinstpatch-1.0-2:amd64.
2026-01-26T19:50:00.3873653Z Preparing to unpack .../124-libinstpatch-1.0-2_1.1.6-1build2_amd64.deb ...
2026-01-26T19:50:00.3886438Z Unpacking libinstpatch-1.0-2:amd64 (1.1.6-1build2) ...
2026-01-26T19:50:00.4147127Z Selecting previously unselected package libjack-jackd2-0:amd64.
2026-01-26T19:50:00.4281651Z Preparing to unpack .../125-libjack-jackd2-0_1.9.21~dfsg-3ubuntu3_amd64.deb ...
2026-01-26T19:50:00.4291445Z Unpacking libjack-jackd2-0:amd64 (1.9.21~dfsg-3ubuntu3) ...
2026-01-26T19:50:00.4569709Z Selecting previously unselected package libwebrtc-audio-processing1:amd64.
2026-01-26T19:50:00.4704600Z Preparing to unpack .../126-libwebrtc-audio-processing1_0.3.1-0ubuntu6_amd64.deb ...
2026-01-26T19:50:00.4717261Z Unpacking libwebrtc-audio-processing1:amd64 (0.3.1-0ubuntu6) ...
2026-01-26T19:50:00.4972718Z Selecting previously unselected package libspa-0.2-modules:amd64.
2026-01-26T19:50:00.5106687Z Preparing to unpack .../127-libspa-0.2-modules_1.0.5-1ubuntu3.2_amd64.deb ...
2026-01-26T19:50:00.5122954Z Unpacking libspa-0.2-modules:amd64 (1.0.5-1ubuntu3.2) ...
2026-01-26T19:50:00.5481189Z Selecting previously unselected package libpipewire-0.3-0t64:amd64.
2026-01-26T19:50:00.5616053Z Preparing to unpack .../128-libpipewire-0.3-0t64_1.0.5-1ubuntu3.2_amd64.deb ...
2026-01-26T19:50:00.5633904Z Unpacking libpipewire-0.3-0t64:amd64 (1.0.5-1ubuntu3.2) ...
2026-01-26T19:50:00.5921910Z Selecting previously unselected package libsdl2-2.0-0:amd64.
2026-01-26T19:50:00.6056456Z Preparing to unpack .../129-libsdl2-2.0-0_2.30.0+dfsg-1ubuntu3.1_amd64.deb ...
2026-01-26T19:50:00.6077343Z Unpacking libsdl2-2.0-0:amd64 (2.30.0+dfsg-1ubuntu3.1) ...
2026-01-26T19:50:00.6409895Z Selecting previously unselected package timgm6mb-soundfont.
2026-01-26T19:50:00.6545494Z Preparing to unpack .../130-timgm6mb-soundfont_1.3-5_all.deb ...
2026-01-26T19:50:00.6557284Z Unpacking timgm6mb-soundfont (1.3-5) ...
2026-01-26T19:50:01.0011458Z Selecting previously unselected package libfluidsynth3:amd64.
2026-01-26T19:50:01.0145636Z Preparing to unpack .../131-libfluidsynth3_2.3.4-1build3_amd64.deb ...
2026-01-26T19:50:01.0158240Z Unpacking libfluidsynth3:amd64 (2.3.4-1build3) ...
2026-01-26T19:50:01.0426338Z Selecting previously unselected package libfreeaptx0:amd64.
2026-01-26T19:50:01.0562018Z Preparing to unpack .../132-libfreeaptx0_0.1.1-2build1_amd64.deb ...
2026-01-26T19:50:01.0575315Z Unpacking libfreeaptx0:amd64 (0.1.1-2build1) ...
2026-01-26T19:50:01.0810127Z Selecting previously unselected package libgraphene-1.0-0:amd64.
2026-01-26T19:50:01.0946381Z Preparing to unpack .../133-libgraphene-1.0-0_1.10.8-3build2_amd64.deb ...
2026-01-26T19:50:01.0958045Z Unpacking libgraphene-1.0-0:amd64 (1.10.8-3build2) ...
2026-01-26T19:50:01.1216375Z Selecting previously unselected package libgssdp-1.6-0:amd64.
2026-01-26T19:50:01.1352685Z Preparing to unpack .../134-libgssdp-1.6-0_1.6.3-1build3_amd64.deb ...
2026-01-26T19:50:01.1373880Z Unpacking libgssdp-1.6-0:amd64 (1.6.3-1build3) ...
2026-01-26T19:50:01.1633129Z Selecting previously unselected package libegl1:amd64.
2026-01-26T19:50:01.1769857Z Preparing to unpack .../135-libegl1_1.7.0-1build1_amd64.deb ...
2026-01-26T19:50:01.1784425Z Unpacking libegl1:amd64 (1.7.0-1build1) ...
2026-01-26T19:50:01.2032950Z Selecting previously unselected package libgstreamer-gl1.0-0:amd64.
2026-01-26T19:50:01.2168506Z Preparing to unpack .../136-libgstreamer-gl1.0-0_1.24.2-1ubuntu0.3_amd64.deb ...
2026-01-26T19:50:01.2176608Z Unpacking libgstreamer-gl1.0-0:amd64 (1.24.2-1ubuntu0.3) ...
2026-01-26T19:50:01.2427317Z Selecting previously unselected package libgtk-4-common.
2026-01-26T19:50:01.2561125Z Preparing to unpack .../137-libgtk-4-common_4.14.5+ds-0ubuntu0.7_all.deb ...
2026-01-26T19:50:01.2575874Z Unpacking libgtk-4-common (4.14.5+ds-0ubuntu0.7) ...
2026-01-26T19:50:01.3136243Z Selecting previously unselected package libgtk-4-1:amd64.
2026-01-26T19:50:01.3271099Z Preparing to unpack .../138-libgtk-4-1_4.14.5+ds-0ubuntu0.7_amd64.deb ...
2026-01-26T19:50:01.3281060Z Unpacking libgtk-4-1:amd64 (4.14.5+ds-0ubuntu0.7) ...
2026-01-26T19:50:01.3957687Z Selecting previously unselected package libgupnp-1.6-0:amd64.
2026-01-26T19:50:01.4091481Z Preparing to unpack .../139-libgupnp-1.6-0_1.6.6-1build3_amd64.deb ...
2026-01-26T19:50:01.4107860Z Unpacking libgupnp-1.6-0:amd64 (1.6.6-1build3) ...
2026-01-26T19:50:01.4355273Z Selecting previously unselected package libgupnp-igd-1.6-0:amd64.
2026-01-26T19:50:01.4489721Z Preparing to unpack .../140-libgupnp-igd-1.6-0_1.6.0-3build3_amd64.deb ...
2026-01-26T19:50:01.4505754Z Unpacking libgupnp-igd-1.6-0:amd64 (1.6.0-3build3) ...
2026-01-26T19:50:01.4727449Z Selecting previously unselected package libharfbuzz-icu0:amd64.
2026-01-26T19:50:01.4862143Z Preparing to unpack .../141-libharfbuzz-icu0_8.3.0-2build2_amd64.deb ...
2026-01-26T19:50:01.4876316Z Unpacking libharfbuzz-icu0:amd64 (8.3.0-2build2) ...
2026-01-26T19:50:01.5145608Z Selecting previously unselected package libhyphen0:amd64.
2026-01-26T19:50:01.5280088Z Preparing to unpack .../142-libhyphen0_2.8.8-7build3_amd64.deb ...
2026-01-26T19:50:01.5294888Z Unpacking libhyphen0:amd64 (2.8.8-7build3) ...
2026-01-26T19:50:01.5532797Z Selecting previously unselected package libimath-3-1-29t64:amd64.
2026-01-26T19:50:01.5668329Z Preparing to unpack .../143-libimath-3-1-29t64_3.1.9-3.1ubuntu2_amd64.deb ...
2026-01-26T19:50:01.5682599Z Unpacking libimath-3-1-29t64:amd64 (3.1.9-3.1ubuntu2) ...
2026-01-26T19:50:01.5937889Z Selecting previously unselected package liblc3-1:amd64.
2026-01-26T19:50:01.6073112Z Preparing to unpack .../144-liblc3-1_1.0.4-3build1_amd64.deb ...
2026-01-26T19:50:01.6086568Z Unpacking liblc3-1:amd64 (1.0.4-3build1) ...
2026-01-26T19:50:01.6329762Z Selecting previously unselected package libldacbt-enc2:amd64.
2026-01-26T19:50:01.6465450Z Preparing to unpack .../145-libldacbt-enc2_2.0.2.3+git20200429+ed310a0-4ubuntu2_amd64.deb ...
2026-01-26T19:50:01.6481425Z Unpacking libldacbt-enc2:amd64 (2.0.2.3+git20200429+ed310a0-4ubuntu2) ...
2026-01-26T19:50:01.6837195Z Preparing to unpack .../146-libxslt1.1_1.1.39-0exp1ubuntu0.24.04.3_amd64.deb ...
2026-01-26T19:50:01.6917287Z Unpacking libxslt1.1:amd64 (1.1.39-0exp1ubuntu0.24.04.3) over (1.1.39-0exp1ubuntu0.24.04.2) ...
2026-01-26T19:50:01.7229796Z Selecting previously unselected package libraptor2-0:amd64.
2026-01-26T19:50:01.7366929Z Preparing to unpack .../147-libraptor2-0_2.0.16-3ubuntu0.1_amd64.deb ...
2026-01-26T19:50:01.7378097Z Unpacking libraptor2-0:amd64 (2.0.16-3ubuntu0.1) ...
2026-01-26T19:50:01.7648886Z Selecting previously unselected package liblrdf0:amd64.
2026-01-26T19:50:01.7785624Z Preparing to unpack .../148-liblrdf0_0.6.1-4build1_amd64.deb ...
2026-01-26T19:50:01.7794343Z Unpacking liblrdf0:amd64 (0.6.1-4build1) ...
2026-01-26T19:50:01.8047498Z Selecting previously unselected package libltc11:amd64.
2026-01-26T19:50:01.8181922Z Preparing to unpack .../149-libltc11_1.3.2-1build1_amd64.deb ...
2026-01-26T19:50:01.8195463Z Unpacking libltc11:amd64 (1.3.2-1build1) ...
2026-01-26T19:50:01.8417417Z Selecting previously unselected package libmanette-0.2-0:amd64.
2026-01-26T19:50:01.8551280Z Preparing to unpack .../150-libmanette-0.2-0_0.2.7-1build2_amd64.deb ...
2026-01-26T19:50:01.8561547Z Unpacking libmanette-0.2-0:amd64 (0.2.7-1build2) ...
2026-01-26T19:50:01.8829697Z Selecting previously unselected package libmfx1:amd64.
2026-01-26T19:50:01.8962908Z Preparing to unpack .../151-libmfx1_22.5.4-1_amd64.deb ...
2026-01-26T19:50:01.8971290Z Unpacking libmfx1:amd64 (22.5.4-1) ...
2026-01-26T19:50:01.9982452Z Selecting previously unselected package libmjpegutils-2.1-0t64:amd64.
2026-01-26T19:50:02.0117087Z Preparing to unpack .../152-libmjpegutils-2.1-0t64_1%3a2.1.0+debian-8.1build1_amd64.deb ...
2026-01-26T19:50:02.0130696Z Unpacking libmjpegutils-2.1-0t64:amd64 (1:2.1.0+debian-8.1build1) ...
2026-01-26T19:50:02.0385615Z Selecting previously unselected package libmodplug1:amd64.
2026-01-26T19:50:02.0520973Z Preparing to unpack .../153-libmodplug1_1%3a0.8.9.0-3build1_amd64.deb ...
2026-01-26T19:50:02.0530530Z Unpacking libmodplug1:amd64 (1:0.8.9.0-3build1) ...
2026-01-26T19:50:02.0779322Z Selecting previously unselected package libmpcdec6:amd64.
2026-01-26T19:50:02.0916133Z Preparing to unpack .../154-libmpcdec6_2%3a0.1~r495-2build1_amd64.deb ...
2026-01-26T19:50:02.0940212Z Unpacking libmpcdec6:amd64 (2:0.1~r495-2build1) ...
2026-01-26T19:50:02.1169022Z Selecting previously unselected package libmpeg2encpp-2.1-0t64:amd64.
2026-01-26T19:50:02.1303094Z Preparing to unpack .../155-libmpeg2encpp-2.1-0t64_1%3a2.1.0+debian-8.1build1_amd64.deb ...
2026-01-26T19:50:02.1314034Z Unpacking libmpeg2encpp-2.1-0t64:amd64 (1:2.1.0+debian-8.1build1) ...
2026-01-26T19:50:02.1564251Z Selecting previously unselected package libmplex2-2.1-0t64:amd64.
2026-01-26T19:50:02.1698780Z Preparing to unpack .../156-libmplex2-2.1-0t64_1%3a2.1.0+debian-8.1build1_amd64.deb ...
2026-01-26T19:50:02.1718224Z Unpacking libmplex2-2.1-0t64:amd64 (1:2.1.0+debian-8.1build1) ...
2026-01-26T19:50:02.1945021Z Selecting previously unselected package libneon27t64:amd64.
2026-01-26T19:50:02.2080219Z Preparing to unpack .../157-libneon27t64_0.33.0-1.1build3_amd64.deb ...
2026-01-26T19:50:02.2091983Z Unpacking libneon27t64:amd64 (0.33.0-1.1build3) ...
2026-01-26T19:50:02.2363480Z Selecting previously unselected package libnice10:amd64.
2026-01-26T19:50:02.2498412Z Preparing to unpack .../158-libnice10_0.1.21-2build3_amd64.deb ...
2026-01-26T19:50:02.2626861Z Unpacking libnice10:amd64 (0.1.21-2build3) ...
2026-01-26T19:50:02.2874678Z Selecting previously unselected package libopenal-data.
2026-01-26T19:50:02.3010282Z Preparing to unpack .../159-libopenal-data_1%3a1.23.1-4build1_all.deb ...
2026-01-26T19:50:02.3020358Z Unpacking libopenal-data (1:1.23.1-4build1) ...
2026-01-26T19:50:02.3282634Z Selecting previously unselected package libopenexr-3-1-30:amd64.
2026-01-26T19:50:02.3417791Z Preparing to unpack .../160-libopenexr-3-1-30_3.1.5-5.1build3_amd64.deb ...
2026-01-26T19:50:02.3425320Z Unpacking libopenexr-3-1-30:amd64 (3.1.5-5.1build3) ...
2026-01-26T19:50:02.3805447Z Selecting previously unselected package libopenh264-7:amd64.
2026-01-26T19:50:02.3941210Z Preparing to unpack .../161-libopenh264-7_2.4.1+dfsg-1_amd64.deb ...
2026-01-26T19:50:02.3951950Z Unpacking libopenh264-7:amd64 (2.4.1+dfsg-1) ...
2026-01-26T19:50:02.4243419Z Selecting previously unselected package libopenni2-0:amd64.
2026-01-26T19:50:02.4379728Z Preparing to unpack .../162-libopenni2-0_2.2.0.33+dfsg-18_amd64.deb ...
2026-01-26T19:50:02.4418437Z Unpacking libopenni2-0:amd64 (2.2.0.33+dfsg-18) ...
2026-01-26T19:50:02.4717665Z Selecting previously unselected package libqrencode4:amd64.
2026-01-26T19:50:02.4851652Z Preparing to unpack .../163-libqrencode4_4.1.1-1build2_amd64.deb ...
2026-01-26T19:50:02.4870251Z Unpacking libqrencode4:amd64 (4.1.1-1build2) ...
2026-01-26T19:50:02.5088444Z Selecting previously unselected package libsecret-common.
2026-01-26T19:50:02.5223067Z Preparing to unpack .../164-libsecret-common_0.21.4-1build3_all.deb ...
2026-01-26T19:50:02.5234572Z Unpacking libsecret-common (0.21.4-1build3) ...
2026-01-26T19:50:02.5472134Z Selecting previously unselected package libsecret-1-0:amd64.
2026-01-26T19:50:02.5606057Z Preparing to unpack .../165-libsecret-1-0_0.21.4-1build3_amd64.deb ...
2026-01-26T19:50:02.5616701Z Unpacking libsecret-1-0:amd64 (0.21.4-1build3) ...
2026-01-26T19:50:02.5877033Z Selecting previously unselected package libsndio7.0:amd64.
2026-01-26T19:50:02.6009983Z Preparing to unpack .../166-libsndio7.0_1.9.0-0.3build3_amd64.deb ...
2026-01-26T19:50:02.6020450Z Unpacking libsndio7.0:amd64 (1.9.0-0.3build3) ...
2026-01-26T19:50:02.6259421Z Selecting previously unselected package libsoundtouch1:amd64.
2026-01-26T19:50:02.6390547Z Preparing to unpack .../167-libsoundtouch1_2.3.2+ds1-1build1_amd64.deb ...
2026-01-26T19:50:02.6402018Z Unpacking libsoundtouch1:amd64 (2.3.2+ds1-1build1) ...
2026-01-26T19:50:02.6655009Z Selecting previously unselected package libspandsp2t64:amd64.
2026-01-26T19:50:02.6785759Z Preparing to unpack .../168-libspandsp2t64_0.0.6+dfsg-2.1build1_amd64.deb ...
2026-01-26T19:50:02.6797839Z Unpacking libspandsp2t64:amd64 (0.0.6+dfsg-2.1build1) ...
2026-01-26T19:50:02.7087878Z Selecting previously unselected package libsrtp2-1:amd64.
2026-01-26T19:50:02.7222814Z Preparing to unpack .../169-libsrtp2-1_2.5.0-3build1_amd64.deb ...
2026-01-26T19:50:02.7233694Z Unpacking libsrtp2-1:amd64 (2.5.0-3build1) ...
2026-01-26T19:50:02.7615691Z Preparing to unpack .../170-libssh-4_0.10.6-2ubuntu0.2_amd64.deb ...
2026-01-26T19:50:02.7665823Z Unpacking libssh-4:amd64 (0.10.6-2ubuntu0.2) over (0.10.6-2ubuntu0.1) ...
2026-01-26T19:50:02.7969317Z Selecting previously unselected package libwildmidi2:amd64.
2026-01-26T19:50:02.8103311Z Preparing to unpack .../171-libwildmidi2_0.4.3-1build3_amd64.deb ...
2026-01-26T19:50:02.8118737Z Unpacking libwildmidi2:amd64 (0.4.3-1build3) ...
2026-01-26T19:50:02.8354219Z Selecting previously unselected package libwoff1:amd64.
2026-01-26T19:50:02.8487300Z Preparing to unpack .../172-libwoff1_1.0.2-2build1_amd64.deb ...
2026-01-26T19:50:02.8499854Z Unpacking libwoff1:amd64 (1.0.2-2build1) ...
2026-01-26T19:50:02.8784560Z Selecting previously unselected package libxcb-xkb1:amd64.
2026-01-26T19:50:02.8916120Z Preparing to unpack .../173-libxcb-xkb1_1.15-1ubuntu2_amd64.deb ...
2026-01-26T19:50:02.8930160Z Unpacking libxcb-xkb1:amd64 (1.15-1ubuntu2) ...
2026-01-26T19:50:02.9164373Z Selecting previously unselected package libxkbcommon-x11-0:amd64.
2026-01-26T19:50:02.9294318Z Preparing to unpack .../174-libxkbcommon-x11-0_1.6.0-1build1_amd64.deb ...
2026-01-26T19:50:02.9309981Z Unpacking libxkbcommon-x11-0:amd64 (1.6.0-1build1) ...
2026-01-26T19:50:02.9550931Z Selecting previously unselected package libzbar0t64:amd64.
2026-01-26T19:50:02.9681162Z Preparing to unpack .../175-libzbar0t64_0.23.93-4build3_amd64.deb ...
2026-01-26T19:50:02.9699148Z Unpacking libzbar0t64:amd64 (0.23.93-4build3) ...
2026-01-26T19:50:02.9949387Z Selecting previously unselected package libzxing3:amd64.
2026-01-26T19:50:03.0080321Z Preparing to unpack .../176-libzxing3_2.2.1-3_amd64.deb ...
2026-01-26T19:50:03.0095208Z Unpacking libzxing3:amd64 (2.2.1-3) ...
2026-01-26T19:50:03.0362269Z Selecting previously unselected package xfonts-encodings.
2026-01-26T19:50:03.0492856Z Preparing to unpack .../177-xfonts-encodings_1%3a1.0.5-0ubuntu2_all.deb ...
2026-01-26T19:50:03.0507007Z Unpacking xfonts-encodings (1:1.0.5-0ubuntu2) ...
2026-01-26T19:50:03.0831267Z Selecting previously unselected package xfonts-utils.
2026-01-26T19:50:03.0968596Z Preparing to unpack .../178-xfonts-utils_1%3a7.7+6build3_amd64.deb ...
2026-01-26T19:50:03.0978614Z Unpacking xfonts-utils (1:7.7+6build3) ...
2026-01-26T19:50:03.1534208Z Selecting previously unselected package xfonts-cyrillic.
2026-01-26T19:50:03.1668738Z Preparing to unpack .../179-xfonts-cyrillic_1%3a1.0.5+nmu1_all.deb ...
2026-01-26T19:50:03.1677201Z Unpacking xfonts-cyrillic (1:1.0.5+nmu1) ...
2026-01-26T19:50:03.2085979Z Selecting previously unselected package xfonts-scalable.
2026-01-26T19:50:03.2221674Z Preparing to unpack .../180-xfonts-scalable_1%3a1.0.3-1.3_all.deb ...
2026-01-26T19:50:03.2230013Z Unpacking xfonts-scalable (1:1.0.3-1.3) ...
2026-01-26T19:50:03.2515070Z Selecting previously unselected package libgstreamer-plugins-bad1.0-0:amd64.
2026-01-26T19:50:03.2650177Z Preparing to unpack .../181-libgstreamer-plugins-bad1.0-0_1.24.2-1ubuntu4_amd64.deb ...
2026-01-26T19:50:03.2667037Z Unpacking libgstreamer-plugins-bad1.0-0:amd64 (1.24.2-1ubuntu4) ...
2026-01-26T19:50:03.3093895Z Selecting previously unselected package libdca0:amd64.
2026-01-26T19:50:03.3232190Z Preparing to unpack .../182-libdca0_0.0.7-2build1_amd64.deb ...
2026-01-26T19:50:03.3245564Z Unpacking libdca0:amd64 (0.0.7-2build1) ...
2026-01-26T19:50:03.3508044Z Selecting previously unselected package libopenal1:amd64.
2026-01-26T19:50:03.3643264Z Preparing to unpack .../183-libopenal1_1%3a1.23.1-4build1_amd64.deb ...
2026-01-26T19:50:03.3653691Z Unpacking libopenal1:amd64 (1:1.23.1-4build1) ...
2026-01-26T19:50:03.3936331Z Selecting previously unselected package libsbc1:amd64.
2026-01-26T19:50:03.4070750Z Preparing to unpack .../184-libsbc1_2.0-1build1_amd64.deb ...
2026-01-26T19:50:03.4086358Z Unpacking libsbc1:amd64 (2.0-1build1) ...
2026-01-26T19:50:03.4316392Z Selecting previously unselected package libvo-aacenc0:amd64.
2026-01-26T19:50:03.4450967Z Preparing to unpack .../185-libvo-aacenc0_0.1.3-2build1_amd64.deb ...
2026-01-26T19:50:03.4459474Z Unpacking libvo-aacenc0:amd64 (0.1.3-2build1) ...
2026-01-26T19:50:03.4705403Z Selecting previously unselected package libvo-amrwbenc0:amd64.
2026-01-26T19:50:03.4839321Z Preparing to unpack .../186-libvo-amrwbenc0_0.1.3-2build1_amd64.deb ...
2026-01-26T19:50:03.4851286Z Unpacking libvo-amrwbenc0:amd64 (0.1.3-2build1) ...
2026-01-26T19:50:03.5093636Z Selecting previously unselected package gstreamer1.0-plugins-bad:amd64.
2026-01-26T19:50:03.5226125Z Preparing to unpack .../187-gstreamer1.0-plugins-bad_1.24.2-1ubuntu4_amd64.deb ...
2026-01-26T19:50:03.5237959Z Unpacking gstreamer1.0-plugins-bad:amd64 (1.24.2-1ubuntu4) ...
2026-01-26T19:50:03.7055516Z Setting up libgme0:amd64 (0.6.3-7build1) ...
2026-01-26T19:50:03.7092714Z Setting up libchromaprint1:amd64 (1.5.1-5) ...
2026-01-26T19:50:03.7131655Z Setting up libssh-gcrypt-4:amd64 (0.10.6-2ubuntu0.2) ...
2026-01-26T19:50:03.7166286Z Setting up libhwy1t64:amd64 (1.0.7-8.1build1) ...
2026-01-26T19:50:03.7199458Z Setting up libcairo-script-interpreter2:amd64 (1.18.0-3build1) ...
2026-01-26T19:50:03.7231543Z Setting up libfreeaptx0:amd64 (0.1.1-2build1) ...
2026-01-26T19:50:03.7278747Z Setting up libdvdread8t64:amd64 (6.1.3-1.1build1) ...
2026-01-26T19:50:03.7330373Z Setting up libudfread0:amd64 (1.1.2-1build1) ...
2026-01-26T19:50:03.7362187Z Setting up libmodplug1:amd64 (1:0.8.9.0-3build1) ...
2026-01-26T19:50:03.7399434Z Setting up libcdparanoia0:amd64 (3.10.2+debian-14build3) ...
2026-01-26T19:50:03.7425524Z Setting up libvo-amrwbenc0:amd64 (0.1.3-2build1) ...
2026-01-26T19:50:03.7469550Z Setting up libraw1394-11:amd64 (2.1.2-2build3) ...
2026-01-26T19:50:03.7499849Z Setting up libsbc1:amd64 (2.0-1build1) ...
2026-01-26T19:50:03.7527342Z Setting up libtag1v5-vanilla:amd64 (1.13.1-1build1) ...
2026-01-26T19:50:03.7556835Z Setting up libharfbuzz-icu0:amd64 (8.3.0-2build2) ...
2026-01-26T19:50:03.7586693Z Setting up libopenni2-0:amd64 (2.2.0.33+dfsg-18) ...
2026-01-26T19:50:03.7768211Z Setting up libspeex1:amd64 (1.2.1-2ubuntu2.24.04.1) ...
2026-01-26T19:50:03.7800640Z Setting up libshine3:amd64 (3.1.1-2build1) ...
2026-01-26T19:50:03.7830178Z Setting up libcaca0:amd64 (0.99.beta20-4ubuntu0.1) ...
2026-01-26T19:50:03.7857799Z Setting up libvpl2 (2023.3.0-1build1) ...
2026-01-26T19:50:03.7888208Z Setting up libv4lconvert0t64:amd64 (1.26.1-4build3) ...
2026-01-26T19:50:03.7922926Z Setting up libx264-164:amd64 (2:0.164.3108+git31e19f9-1) ...
2026-01-26T19:50:03.7955288Z Setting up libtwolame0:amd64 (0.4.0-2build3) ...
2026-01-26T19:50:03.7980088Z Setting up libmbedcrypto7t64:amd64 (2.28.8-1) ...
2026-01-26T19:50:03.8006802Z Setting up libwoff1:amd64 (1.0.2-2build1) ...
2026-01-26T19:50:03.8036958Z Setting up liblc3-1:amd64 (1.0.4-3build1) ...
2026-01-26T19:50:03.8078277Z Setting up libqrencode4:amd64 (4.1.1-1build2) ...
2026-01-26T19:50:03.8112638Z Setting up libhyphen0:amd64 (2.8.8-7build3) ...
2026-01-26T19:50:03.8152400Z Setting up libgsm1:amd64 (1.0.22-1build1) ...
2026-01-26T19:50:03.8185488Z Setting up libvisual-0.4-0:amd64 (0.4.2-2build1) ...
2026-01-26T19:50:03.8227181Z Setting up libsoxr0:amd64 (0.1.3-4build3) ...
2026-01-26T19:50:03.8262451Z Setting up libzix-0-0:amd64 (0.4.2-2build1) ...
2026-01-26T19:50:03.8292831Z Setting up libcodec2-1.2:amd64 (1.2.0-2build1) ...
2026-01-26T19:50:03.8327478Z Setting up libsrtp2-1:amd64 (2.5.0-3build1) ...
2026-01-26T19:50:03.8359861Z Setting up libmysofa1:amd64 (1.3.2+dfsg-2ubuntu2) ...
2026-01-26T19:50:03.8383169Z Setting up libldacbt-enc2:amd64 (2.0.2.3+git20200429+ed310a0-4ubuntu2) ...
2026-01-26T19:50:03.8411614Z Setting up fonts-wqy-zenhei (0.9.45-8) ...
2026-01-26T19:50:03.8556628Z Setting up libwebrtc-audio-processing1:amd64 (0.3.1-0ubuntu6) ...
2026-01-26T19:50:03.8598432Z Setting up fonts-freefont-ttf (20211204+svn4273-2) ...
2026-01-26T19:50:03.8635674Z Setting up libevent-2.1-7t64:amd64 (2.1.12-stable-9ubuntu2) ...
2026-01-26T19:50:03.8676914Z Setting up libsvtav1enc1d1:amd64 (1.7.0+dfsg-2build1) ...
2026-01-26T19:50:03.8713989Z Setting up libsoup-3.0-common (3.4.4-5ubuntu0.6) ...
2026-01-26T19:50:03.8746781Z Setting up libmpg123-0t64:amd64 (1.32.5-1ubuntu1.1) ...
2026-01-26T19:50:03.8774867Z Setting up libcjson1:amd64 (1.7.17-1) ...
2026-01-26T19:50:03.8800339Z Setting up libxvidcore4:amd64 (2:1.3.7-1build1) ...
2026-01-26T19:50:03.8822696Z Setting up libmpcdec6:amd64 (2:0.1~r495-2build1) ...
2026-01-26T19:50:03.8872815Z Setting up libmjpegutils-2.1-0t64:amd64 (1:2.1.0+debian-8.1build1) ...
2026-01-26T19:50:03.8912228Z Setting up librav1e0:amd64 (0.7.1-2) ...
2026-01-26T19:50:03.8953795Z Setting up liborc-0.4-0t64:amd64 (1:0.4.38-1ubuntu0.1) ...
2026-01-26T19:50:03.8996293Z Setting up libxcb-xkb1:amd64 (1.15-1ubuntu2) ...
2026-01-26T19:50:03.9027079Z Setting up libvo-aacenc0:amd64 (0.1.3-2build1) ...
2026-01-26T19:50:03.9059418Z Setting up librist4:amd64 (0.2.10+dfsg-2) ...
2026-01-26T19:50:03.9101956Z Setting up libglib2.0-0t64:amd64 (2.80.0-6ubuntu3.7) ...
2026-01-26T19:50:03.9416771Z Setting up libblas3:amd64 (3.12.0-3build1.1) ...
2026-01-26T19:50:03.9476507Z update-alternatives: using /usr/lib/x86_64-linux-gnu/blas/libblas.so.3 to provide /usr/lib/x86_64-linux-gnu/libblas.so.3 (libblas.so.3-x86_64-linux-gnu) in auto mode
2026-01-26T19:50:03.9499027Z Setting up libegl-mesa0:amd64 (25.0.7-0ubuntu0.24.04.2) ...
2026-01-26T19:50:03.9524949Z Setting up libsoundtouch1:amd64 (2.3.2+ds1-1build1) ...
2026-01-26T19:50:03.9552932Z Setting up libglib2.0-data (2.80.0-6ubuntu3.7) ...
2026-01-26T19:50:03.9578477Z Setting up libplacebo338:amd64 (6.338.2-2build1) ...
2026-01-26T19:50:03.9603479Z Setting up libgles2:amd64 (1.7.0-1build1) ...
2026-01-26T19:50:03.9707768Z Setting up fonts-tlwg-loma-otf (1:0.7.3-1) ...
2026-01-26T19:50:03.9741747Z Setting up libva2:amd64 (2.20.0-2build1) ...
2026-01-26T19:50:03.9838851Z Setting up libspa-0.2-modules:amd64 (1.0.5-1ubuntu3.2) ...
2026-01-26T19:50:03.9871133Z Setting up libzxing3:amd64 (2.2.1-3) ...
2026-01-26T19:50:03.9904196Z Setting up xfonts-encodings (1:1.0.5-0ubuntu2) ...
2026-01-26T19:50:03.9935063Z Setting up libopus0:amd64 (1.4-1build1) ...
2026-01-26T19:50:04.0003701Z Setting up libfaad2:amd64 (2.11.1-1build1) ...
2026-01-26T19:50:04.0045039Z Setting up libxkbcommon-x11-0:amd64 (1.6.0-1build1) ...
2026-01-26T19:50:04.0075017Z Setting up libdc1394-25:amd64 (2.2.6-4build1) ...
2026-01-26T19:50:04.0110510Z Setting up libpng16-16t64:amd64 (1.6.43-5ubuntu0.3) ...
2026-01-26T19:50:04.0147543Z Setting up libimath-3-1-29t64:amd64 (3.1.9-3.1ubuntu2) ...
2026-01-26T19:50:04.0183465Z Setting up libunibreak5:amd64 (5.1-2build1) ...
2026-01-26T19:50:04.0222147Z Setting up libdv4t64:amd64 (1.0.0-17.1build1) ...
2026-01-26T19:50:04.0253870Z Setting up gir1.2-glib-2.0:amd64 (2.80.0-6ubuntu3.7) ...
2026-01-26T19:50:04.0291256Z Setting up libjxl0.7:amd64 (0.7.0-10.2ubuntu6.1) ...
2026-01-26T19:50:04.0321263Z Setting up libssh-4:amd64 (0.10.6-2ubuntu0.2) ...
2026-01-26T19:50:04.0351374Z Setting up libopenh264-7:amd64 (2.4.1+dfsg-1) ...
2026-01-26T19:50:04.0388378Z Setting up libltc11:amd64 (1.3.2-1build1) ...
2026-01-26T19:50:04.0431431Z Setting up libx265-199:amd64 (3.5-2build1) ...
2026-01-26T19:50:04.0461196Z Setting up libv4l-0t64:amd64 (1.26.1-4build3) ...
2026-01-26T19:50:04.0488872Z Setting up libavtp0:amd64 (0.2.0-1build1) ...
2026-01-26T19:50:04.0520928Z Setting up libsndio7.0:amd64 (1.9.0-0.3build3) ...
2026-01-26T19:50:04.0553568Z Setting up libdirectfb-1.7-7t64:amd64 (1.7.7-11.1ubuntu2) ...
2026-01-26T19:50:04.0591228Z Setting up libspandsp2t64:amd64 (0.0.6+dfsg-2.1build1) ...
2026-01-26T19:50:04.0931151Z Setting up libvidstab1.1:amd64 (1.1.0-2build1) ...
2026-01-26T19:50:04.2381699Z Setting up libvpx9:amd64 (1.14.0-1ubuntu2.2) ...
2026-01-26T19:50:04.2412384Z Setting up libsrt1.5-gnutls:amd64 (1.5.3-1build2) ...
2026-01-26T19:50:04.2460922Z Setting up libtag1v5:amd64 (1.13.1-1build1) ...
2026-01-26T19:50:04.2494514Z Setting up libflite1:amd64 (2.2-6build3) ...
2026-01-26T19:50:04.2525701Z Setting up libdav1d7:amd64 (1.4.1-1build1) ...
2026-01-26T19:50:04.2553190Z Setting up libva-drm2:amd64 (2.20.0-2build1) ...
2026-01-26T19:50:04.2601257Z Setting up fonts-ipafont-gothic (00303-21ubuntu1) ...
2026-01-26T19:50:04.2695639Z update-alternatives: using /usr/share/fonts/opentype/ipafont-gothic/ipag.ttf to provide /usr/share/fonts/truetype/fonts-japanese-gothic.ttf (fonts-japanese-gothic.ttf) in auto mode
2026-01-26T19:50:04.2713918Z Setting up ocl-icd-libopencl1:amd64 (2.3.2-1build1) ...
2026-01-26T19:50:04.2740453Z Setting up libasyncns0:amd64 (0.8-6build4) ...
2026-01-26T19:50:04.2773818Z Setting up libwildmidi2:amd64 (0.4.3-1build3) ...
2026-01-26T19:50:04.2814151Z Setting up libvdpau1:amd64 (1.5-2build1) ...
2026-01-26T19:50:04.2852733Z Setting up libwavpack1:amd64 (5.6.0-1build1) ...
2026-01-26T19:50:04.2882498Z Setting up libbs2b0:amd64 (3.1.0+dfsg-7build1) ...
2026-01-26T19:50:04.2910315Z Setting up libtheora0:amd64 (1.1.1+dfsg.1-16.1build3) ...
2026-01-26T19:50:04.2937009Z Setting up libegl1:amd64 (1.7.0-1build1) ...
2026-01-26T19:50:04.2969364Z Setting up libdecor-0-0:amd64 (0.2.2-1build2) ...
2026-01-26T19:50:04.2996683Z Setting up libdca0:amd64 (0.0.7-2build1) ...
2026-01-26T19:50:04.3026875Z Setting up libzimg2:amd64 (3.0.5+ds1-1build1) ...
2026-01-26T19:50:04.3053825Z Setting up libopenal-data (1:1.23.1-4build1) ...
2026-01-26T19:50:04.3096170Z Setting up libabsl20220623t64:amd64 (20220623.1-3.1ubuntu3.2) ...
2026-01-26T19:50:04.3123545Z Setting up libflac12t64:amd64 (1.4.3+ds-2.1ubuntu2) ...
2026-01-26T19:50:04.3150509Z Setting up libgtk-4-common (4.14.5+ds-0ubuntu0.7) ...
2026-01-26T19:50:04.3173697Z Setting up libmpeg2encpp-2.1-0t64:amd64 (1:2.1.0+debian-8.1build1) ...
2026-01-26T19:50:04.3199157Z Setting up glib-networking-common (2.80.0-1build1) ...
2026-01-26T19:50:04.3221606Z Setting up libmfx1:amd64 (22.5.4-1) ...
2026-01-26T19:50:04.3248233Z Setting up libsamplerate0:amd64 (0.2.2-4build1) ...
2026-01-26T19:50:04.3278738Z Setting up timgm6mb-soundfont (1.3-5) ...
2026-01-26T19:50:04.3383872Z update-alternatives: using /usr/share/sounds/sf2/TimGM6mb.sf2 to provide /usr/share/sounds/sf2/default-GM.sf2 (default-GM.sf2) in auto mode
2026-01-26T19:50:04.3429212Z update-alternatives: using /usr/share/sounds/sf2/TimGM6mb.sf2 to provide /usr/share/sounds/sf3/default-GM.sf3 (default-GM.sf3) in auto mode
2026-01-26T19:50:04.3446717Z Setting up libva-x11-2:amd64 (2.20.0-2build1) ...
2026-01-26T19:50:04.3471331Z Setting up libyuv0:amd64 (0.0~git202401110.af6ac82-1) ...
2026-01-26T19:50:04.3494277Z Setting up libmplex2-2.1-0t64:amd64 (1:2.1.0+debian-8.1build1) ...
2026-01-26T19:50:04.3525332Z Setting up libpipewire-0.3-0t64:amd64 (1.0.5-1ubuntu3.2) ...
2026-01-26T19:50:04.3547419Z Setting up libxml2:amd64 (2.9.14+dfsg-1.3ubuntu3.7) ...
2026-01-26T19:50:04.3571084Z Setting up libopenmpt0t64:amd64 (0.7.3-1.1build3) ...
2026-01-26T19:50:04.3596231Z Setting up libzvbi-common (0.2.42-2) ...
2026-01-26T19:50:04.3624312Z Setting up libsecret-common (0.21.4-1build3) ...
2026-01-26T19:50:04.3649436Z Setting up libmp3lame0:amd64 (3.100-6build1) ...
2026-01-26T19:50:04.3676631Z Setting up libgraphene-1.0-0:amd64 (1.10.8-3build2) ...
2026-01-26T19:50:04.3706933Z Setting up libvorbisenc2:amd64 (1.3.7-1build3) ...
2026-01-26T19:50:04.3729941Z Setting up libdvdnav4:amd64 (6.1.1-3build1) ...
2026-01-26T19:50:04.3755699Z Setting up fonts-unifont (1:15.1.01-1build1) ...
2026-01-26T19:50:04.3787389Z Setting up libaa1:amd64 (1.4p5-51.1) ...
2026-01-26T19:50:04.3813341Z Setting up libiec61883-0:amd64 (1.2.0-6build1) ...
2026-01-26T19:50:04.3840582Z Setting up libserd-0-0:amd64 (0.32.2-1) ...
2026-01-26T19:50:04.3866926Z Setting up libavc1394-0:amd64 (0.5.4-5build3) ...
2026-01-26T19:50:04.3892930Z Setting up session-migration (0.3.9build1) ...
2026-01-26T19:50:04.5000556Z Created symlink /etc/systemd/user/graphical-session-pre.target.wants/session-migration.service → /usr/lib/systemd/user/session-migration.service.
2026-01-26T19:50:04.5001248Z 
2026-01-26T19:50:04.5031103Z Setting up liblapack3:amd64 (3.12.0-3build1.1) ...
2026-01-26T19:50:04.5095470Z update-alternatives: using /usr/lib/x86_64-linux-gnu/lapack/liblapack.so.3 to provide /usr/lib/x86_64-linux-gnu/liblapack.so.3 (liblapack.so.3-x86_64-linux-gnu) in auto mode
2026-01-26T19:50:04.5123151Z Setting up libproxy1v5:amd64 (0.5.4-4build1) ...
2026-01-26T19:50:04.5160372Z Setting up libneon27t64:amd64 (0.33.0-1.1build3) ...
2026-01-26T19:50:04.5196986Z Setting up libzvbi0t64:amd64 (0.2.42-2) ...
2026-01-26T19:50:04.5233503Z Setting up libmanette-0.2-0:amd64 (0.2.7-1build2) ...
2026-01-26T19:50:04.5261937Z Setting up libglib2.0-bin (2.80.0-6ubuntu3.7) ...
2026-01-26T19:50:04.5293297Z Setting up libzbar0t64:amd64 (0.23.93-4build3) ...
2026-01-26T19:50:04.5322650Z Setting up libgstreamer-plugins-base1.0-0:amd64 (1.24.2-1ubuntu0.3) ...
2026-01-26T19:50:04.5356822Z Setting up libavutil58:amd64 (7:6.1.1-3ubuntu5) ...
2026-01-26T19:50:04.5387544Z Setting up libopenal1:amd64 (1:1.23.1-4build1) ...
2026-01-26T19:50:04.5418708Z Setting up xfonts-utils (1:7.7+6build3) ...
2026-01-26T19:50:04.5473401Z Setting up librsvg2-2:amd64 (2.58.0+dfsg-1build1) ...
2026-01-26T19:50:04.5506697Z Setting up libxml2-dev:amd64 (2.9.14+dfsg-1.3ubuntu3.7) ...
2026-01-26T19:50:04.5549826Z Setting up libsecret-1-0:amd64 (0.21.4-1build3) ...
2026-01-26T19:50:04.5583069Z Setting up libgstreamer-plugins-good1.0-0:amd64 (1.24.2-1ubuntu1.2) ...
2026-01-26T19:50:04.5612088Z Setting up libgstreamer-gl1.0-0:amd64 (1.24.2-1ubuntu0.3) ...
2026-01-26T19:50:04.5644228Z Setting up gstreamer1.0-plugins-base:amd64 (1.24.2-1ubuntu0.3) ...
2026-01-26T19:50:04.5675549Z Setting up libass9:amd64 (1:0.17.1-2build1) ...
2026-01-26T19:50:04.5703289Z Setting up libswresample4:amd64 (7:6.1.1-3ubuntu5) ...
2026-01-26T19:50:04.5727136Z Setting up libopenexr-3-1-30:amd64 (3.1.5-5.1build3) ...
2026-01-26T19:50:04.5774234Z Setting up libshout3:amd64 (2.4.6-1build2) ...
2026-01-26T19:50:04.5809903Z Setting up libgav1-1:amd64 (0.18.0-1build3) ...
2026-01-26T19:50:04.5840099Z Setting up libavcodec60:amd64 (7:6.1.1-3ubuntu5) ...
2026-01-26T19:50:04.5864948Z Setting up librubberband2:amd64 (3.3.0+dfsg-2build1) ...
2026-01-26T19:50:04.5901367Z Setting up libjack-jackd2-0:amd64 (1.9.21~dfsg-3ubuntu3) ...
2026-01-26T19:50:04.5934273Z Setting up libsord-0-0:amd64 (0.16.16-2build1) ...
2026-01-26T19:50:04.5958653Z Setting up xfonts-cyrillic (1:1.0.5+nmu1) ...
2026-01-26T19:50:04.6448721Z Setting up libpostproc57:amd64 (7:6.1.1-3ubuntu5) ...
2026-01-26T19:50:04.6477621Z Setting up libsratom-0-0:amd64 (0.6.16-1build1) ...
2026-01-26T19:50:04.6509961Z Setting up libgtk-4-1:amd64 (4.14.5+ds-0ubuntu0.7) ...
2026-01-26T19:50:04.8104425Z Setting up libxslt1.1:amd64 (1.1.39-0exp1ubuntu0.24.04.3) ...
2026-01-26T19:50:04.8147387Z Setting up libsndfile1:amd64 (1.2.2-1ubuntu5.24.04.1) ...
2026-01-26T19:50:04.8186530Z Setting up libbluray2:amd64 (1:1.3.4-1build1) ...
2026-01-26T19:50:04.8217379Z Setting up liblilv-0-0:amd64 (0.24.22-1build1) ...
2026-01-26T19:50:04.8263679Z Setting up libinstpatch-1.0-2:amd64 (1.1.6-1build2) ...
2026-01-26T19:50:04.8292925Z Setting up xfonts-scalable (1:1.0.3-1.3) ...
2026-01-26T19:50:04.8778475Z Setting up libswscale7:amd64 (7:6.1.1-3ubuntu5) ...
2026-01-26T19:50:04.8808133Z Setting up gsettings-desktop-schemas (46.1-0ubuntu1) ...
2026-01-26T19:50:04.8832904Z Setting up glib-networking-services (2.80.0-1build1) ...
2026-01-26T19:50:04.8861136Z Setting up libavif16:amd64 (1.0.4-1ubuntu3) ...
2026-01-26T19:50:04.8925577Z Setting up libpulse0:amd64 (1:16.1+dfsg1-2ubuntu10.1) ...
2026-01-26T19:50:04.9020124Z Setting up libraptor2-0:amd64 (2.0.16-3ubuntu0.1) ...
2026-01-26T19:50:04.9066627Z Setting up libavformat60:amd64 (7:6.1.1-3ubuntu5) ...
2026-01-26T19:50:04.9106429Z Setting up libsphinxbase3t64:amd64 (0.8+5prealpha+1-17build2) ...
2026-01-26T19:50:04.9157309Z Setting up glib-networking:amd64 (2.80.0-1build1) ...
2026-01-26T19:50:04.9196100Z Setting up libsdl2-2.0-0:amd64 (2.30.0+dfsg-1ubuntu3.1) ...
2026-01-26T19:50:04.9228423Z Setting up libfluidsynth3:amd64 (2.3.4-1build3) ...
2026-01-26T19:50:04.9261834Z Setting up liblrdf0:amd64 (0.6.1-4build1) ...
2026-01-26T19:50:04.9295309Z Setting up libsoup-3.0-0:amd64 (3.4.4-5ubuntu0.6) ...
2026-01-26T19:50:04.9322502Z Setting up libpocketsphinx3:amd64 (0.8.0+real5prealpha+1-15ubuntu5) ...
2026-01-26T19:50:04.9344584Z Setting up libgssdp-1.6-0:amd64 (1.6.3-1build3) ...
2026-01-26T19:50:04.9379599Z Setting up gstreamer1.0-plugins-good:amd64 (1.24.2-1ubuntu1.2) ...
2026-01-26T19:50:04.9416370Z Setting up libgupnp-1.6-0:amd64 (1.6.6-1build3) ...
2026-01-26T19:50:04.9453582Z Setting up libavfilter9:amd64 (7:6.1.1-3ubuntu5) ...
2026-01-26T19:50:04.9486662Z Setting up libgupnp-igd-1.6-0:amd64 (1.6.0-3build3) ...
2026-01-26T19:50:04.9527082Z Setting up gstreamer1.0-libav:amd64 (1.24.1-1build1) ...
2026-01-26T19:50:04.9557008Z Setting up libnice10:amd64 (0.1.21-2build3) ...
2026-01-26T19:50:04.9595083Z Setting up libgstreamer-plugins-bad1.0-0:amd64 (1.24.2-1ubuntu4) ...
2026-01-26T19:50:04.9620231Z Setting up gstreamer1.0-plugins-bad:amd64 (1.24.2-1ubuntu4) ...
2026-01-26T19:50:04.9655258Z Processing triggers for libc-bin (2.39-0ubuntu8.6) ...
2026-01-26T19:50:05.0131449Z Processing triggers for man-db (2.12.0-4build2) ...
2026-01-26T19:50:05.0156044Z Not building database; man-db/auto-update is not 'true'.
2026-01-26T19:50:05.0172555Z Processing triggers for fontconfig (2.15.0-1.1ubuntu2) ...
2026-01-26T19:50:05.7727268Z 
2026-01-26T19:50:05.7727756Z Running kernel seems to be up-to-date.
2026-01-26T19:50:05.7728093Z 
2026-01-26T19:50:05.7728253Z Restarting services...
2026-01-26T19:50:05.8181068Z  systemctl restart packagekit.service php8.3-fpm.service polkit.service udisks2.service
2026-01-26T19:50:05.9418070Z 
2026-01-26T19:50:05.9418939Z Service restarts being deferred:
2026-01-26T19:50:05.9419555Z  systemctl restart ModemManager.service
2026-01-26T19:50:05.9420198Z  systemctl restart networkd-dispatcher.service
2026-01-26T19:50:05.9420589Z 
2026-01-26T19:50:05.9420856Z No containers need to be restarted.
2026-01-26T19:50:05.9421196Z 
2026-01-26T19:50:05.9421519Z No user sessions are running outdated binaries.
2026-01-26T19:50:05.9421892Z 
2026-01-26T19:50:05.9422395Z No VM guests are running outdated hypervisor (qemu) binaries on this host.
2026-01-26T19:50:06.8423622Z Downloading Chromium 143.0.7499.4 (playwright build v1200) from https://cdn.playwright.dev/dbazure/download/playwright/builds/chromium/1200/chromium-linux.zip
2026-01-26T19:50:07.0580144Z |                                                                                |   0% of 164.7 MiB
2026-01-26T19:50:07.2352977Z |■■■■■■■■                                                                        |  10% of 164.7 MiB
2026-01-26T19:50:07.3793042Z |■■■■■■■■■■■■■■■■                                                                |  20% of 164.7 MiB
2026-01-26T19:50:07.4797210Z |■■■■■■■■■■■■■■■■■■■■■■■■                                                        |  30% of 164.7 MiB
2026-01-26T19:50:07.6016008Z |■■■■■■■■■■■■■■■■■■■■■■■■■■■■■■■■                                                |  40% of 164.7 MiB
2026-01-26T19:50:07.7254548Z |■■■■■■■■■■■■■■■■■■■■■■■■■■■■■■■■■■■■■■■■                                        |  50% of 164.7 MiB
2026-01-26T19:50:07.8618340Z |■■■■■■■■■■■■■■■■■■■■■■■■■■■■■■■■■■■■■■■■■■■■■■■■                                |  60% of 164.7 MiB
2026-01-26T19:50:08.0041111Z |■■■■■■■■■■■■■■■■■■■■■■■■■■■■■■■■■■■■■■■■■■■■■■■■■■■■■■■■                        |  70% of 164.7 MiB
2026-01-26T19:50:08.1314898Z |■■■■■■■■■■■■■■■■■■■■■■■■■■■■■■■■■■■■■■■■■■■■■■■■■■■■■■■■■■■■■■■■                |  80% of 164.7 MiB
2026-01-26T19:50:08.2196009Z |■■■■■■■■■■■■■■■■■■■■■■■■■■■■■■■■■■■■■■■■■■■■■■■■■■■■■■■■■■■■■■■■■■■■■■■■        |  90% of 164.7 MiB
2026-01-26T19:50:08.3013761Z |■■■■■■■■■■■■■■■■■■■■■■■■■■■■■■■■■■■■■■■■■■■■■■■■■■■■■■■■■■■■■■■■■■■■■■■■■■■■■■■■| 100% of 164.7 MiB
2026-01-26T19:50:11.3907782Z Chromium 143.0.7499.4 (playwright build v1200) downloaded to /home/runner/.cache/ms-playwright/chromium-1200
2026-01-26T19:50:11.3911377Z Downloading Chromium Headless Shell 143.0.7499.4 (playwright build v1200) from https://cdn.playwright.dev/dbazure/download/playwright/builds/chromium/1200/chromium-headless-shell-linux.zip
2026-01-26T19:50:11.6539458Z |                                                                                |   0% of 109.7 MiB
2026-01-26T19:50:11.7793666Z |■■■■■■■■                                                                        |  10% of 109.7 MiB
2026-01-26T19:50:11.8533529Z |■■■■■■■■■■■■■■■■                                                                |  20% of 109.7 MiB
2026-01-26T19:50:11.9275282Z |■■■■■■■■■■■■■■■■■■■■■■■■                                                        |  30% of 109.7 MiB
2026-01-26T19:50:11.9866691Z |■■■■■■■■■■■■■■■■■■■■■■■■■■■■■■■■                                                |  40% of 109.7 MiB
2026-01-26T19:50:12.0406382Z |■■■■■■■■■■■■■■■■■■■■■■■■■■■■■■■■■■■■■■■■                                        |  50% of 109.7 MiB
2026-01-26T19:50:12.0970958Z |■■■■■■■■■■■■■■■■■■■■■■■■■■■■■■■■■■■■■■■■■■■■■■■■                                |  60% of 109.7 MiB
2026-01-26T19:50:12.1526928Z |■■■■■■■■■■■■■■■■■■■■■■■■■■■■■■■■■■■■■■■■■■■■■■■■■■■■■■■■                        |  70% of 109.7 MiB
2026-01-26T19:50:12.2066778Z |■■■■■■■■■■■■■■■■■■■■■■■■■■■■■■■■■■■■■■■■■■■■■■■■■■■■■■■■■■■■■■■■                |  80% of 109.7 MiB
2026-01-26T19:50:12.2620056Z |■■■■■■■■■■■■■■■■■■■■■■■■■■■■■■■■■■■■■■■■■■■■■■■■■■■■■■■■■■■■■■■■■■■■■■■■        |  90% of 109.7 MiB
2026-01-26T19:50:12.3152612Z |■■■■■■■■■■■■■■■■■■■■■■■■■■■■■■■■■■■■■■■■■■■■■■■■■■■■■■■■■■■■■■■■■■■■■■■■■■■■■■■■| 100% of 109.7 MiB
2026-01-26T19:50:14.5526031Z Chromium Headless Shell 143.0.7499.4 (playwright build v1200) downloaded to /home/runner/.cache/ms-playwright/chromium_headless_shell-1200
2026-01-26T19:50:14.5529657Z Downloading Firefox 144.0.2 (playwright build v1497) from https://cdn.playwright.dev/dbazure/download/playwright/builds/firefox/1497/firefox-ubuntu-24.04.zip
2026-01-26T19:50:14.7491962Z |                                                                                |   0% of 98.4 MiB
2026-01-26T19:50:14.8726113Z |■■■■■■■■                                                                        |  10% of 98.4 MiB
2026-01-26T19:50:14.9773824Z |■■■■■■■■■■■■■■■■                                                                |  20% of 98.4 MiB
2026-01-26T19:50:15.1475370Z |■■■■■■■■■■■■■■■■■■■■■■■■                                                        |  30% of 98.4 MiB
2026-01-26T19:50:15.2713044Z |■■■■■■■■■■■■■■■■■■■■■■■■■■■■■■■■                                                |  40% of 98.4 MiB
2026-01-26T19:50:15.3423957Z |■■■■■■■■■■■■■■■■■■■■■■■■■■■■■■■■■■■■■■■■                                        |  50% of 98.4 MiB
2026-01-26T19:50:15.4209857Z |■■■■■■■■■■■■■■■■■■■■■■■■■■■■■■■■■■■■■■■■■■■■■■■■                                |  60% of 98.4 MiB
2026-01-26T19:50:15.4738364Z |■■■■■■■■■■■■■■■■■■■■■■■■■■■■■■■■■■■■■■■■■■■■■■■■■■■■■■■■                        |  70% of 98.4 MiB
2026-01-26T19:50:15.5572972Z |■■■■■■■■■■■■■■■■■■■■■■■■■■■■■■■■■■■■■■■■■■■■■■■■■■■■■■■■■■■■■■■■                |  80% of 98.4 MiB
2026-01-26T19:50:15.6382428Z |■■■■■■■■■■■■■■■■■■■■■■■■■■■■■■■■■■■■■■■■■■■■■■■■■■■■■■■■■■■■■■■■■■■■■■■■        |  90% of 98.4 MiB
2026-01-26T19:50:15.7310286Z |■■■■■■■■■■■■■■■■■■■■■■■■■■■■■■■■■■■■■■■■■■■■■■■■■■■■■■■■■■■■■■■■■■■■■■■■■■■■■■■■| 100% of 98.4 MiB
2026-01-26T19:50:17.8119168Z Firefox 144.0.2 (playwright build v1497) downloaded to /home/runner/.cache/ms-playwright/firefox-1497
2026-01-26T19:50:17.8122415Z Downloading Webkit 26.0 (playwright build v2227) from https://cdn.playwright.dev/dbazure/download/playwright/builds/webkit/2227/webkit-ubuntu-24.04.zip
2026-01-26T19:50:18.0174939Z |                                                                                |   0% of 95.9 MiB
2026-01-26T19:50:18.1558666Z |■■■■■■■■                                                                        |  10% of 95.9 MiB
2026-01-26T19:50:18.2367351Z |■■■■■■■■■■■■■■■■                                                                |  20% of 95.9 MiB
2026-01-26T19:50:18.3128005Z |■■■■■■■■■■■■■■■■■■■■■■■■                                                        |  30% of 95.9 MiB
2026-01-26T19:50:18.3786168Z |■■■■■■■■■■■■■■■■■■■■■■■■■■■■■■■■                                                |  40% of 95.9 MiB
2026-01-26T19:50:18.4372080Z |■■■■■■■■■■■■■■■■■■■■■■■■■■■■■■■■■■■■■■■■                                        |  50% of 95.9 MiB
2026-01-26T19:50:18.4867427Z |■■■■■■■■■■■■■■■■■■■■■■■■■■■■■■■■■■■■■■■■■■■■■■■■                                |  60% of 95.9 MiB
2026-01-26T19:50:18.5377434Z |■■■■■■■■■■■■■■■■■■■■■■■■■■■■■■■■■■■■■■■■■■■■■■■■■■■■■■■■                        |  70% of 95.9 MiB
2026-01-26T19:50:18.5876651Z |■■■■■■■■■■■■■■■■■■■■■■■■■■■■■■■■■■■■■■■■■■■■■■■■■■■■■■■■■■■■■■■■                |  80% of 95.9 MiB
2026-01-26T19:50:18.6666401Z |■■■■■■■■■■■■■■■■■■■■■■■■■■■■■■■■■■■■■■■■■■■■■■■■■■■■■■■■■■■■■■■■■■■■■■■■        |  90% of 95.9 MiB
2026-01-26T19:50:18.7150120Z |■■■■■■■■■■■■■■■■■■■■■■■■■■■■■■■■■■■■■■■■■■■■■■■■■■■■■■■■■■■■■■■■■■■■■■■■■■■■■■■■| 100% of 95.9 MiB
2026-01-26T19:50:20.7401206Z Webkit 26.0 (playwright build v2227) downloaded to /home/runner/.cache/ms-playwright/webkit-2227
2026-01-26T19:50:20.7404638Z Downloading FFMPEG playwright build v1011 from https://cdn.playwright.dev/dbazure/download/playwright/builds/ffmpeg/1011/ffmpeg-linux.zip
2026-01-26T19:50:20.9297355Z |                                                                                |   0% of 2.3 MiB
2026-01-26T19:50:20.9538496Z |■■■■■■■■                                                                        |  10% of 2.3 MiB
2026-01-26T19:50:20.9650067Z |■■■■■■■■■■■■■■■■                                                                |  20% of 2.3 MiB
2026-01-26T19:50:20.9716703Z |■■■■■■■■■■■■■■■■■■■■■■■■                                                        |  30% of 2.3 MiB
2026-01-26T19:50:20.9755057Z |■■■■■■■■■■■■■■■■■■■■■■■■■■■■■■■■                                                |  40% of 2.3 MiB
2026-01-26T19:50:20.9794082Z |■■■■■■■■■■■■■■■■■■■■■■■■■■■■■■■■■■■■■■■■                                        |  50% of 2.3 MiB
2026-01-26T19:50:20.9828725Z |■■■■■■■■■■■■■■■■■■■■■■■■■■■■■■■■■■■■■■■■■■■■■■■■                                |  60% of 2.3 MiB
2026-01-26T19:50:20.9857131Z |■■■■■■■■■■■■■■■■■■■■■■■■■■■■■■■■■■■■■■■■■■■■■■■■■■■■■■■■                        |  70% of 2.3 MiB
2026-01-26T19:50:20.9884321Z |■■■■■■■■■■■■■■■■■■■■■■■■■■■■■■■■■■■■■■■■■■■■■■■■■■■■■■■■■■■■■■■■                |  80% of 2.3 MiB
2026-01-26T19:50:20.9908017Z |■■■■■■■■■■■■■■■■■■■■■■■■■■■■■■■■■■■■■■■■■■■■■■■■■■■■■■■■■■■■■■■■■■■■■■■■        |  90% of 2.3 MiB
2026-01-26T19:50:20.9932372Z |■■■■■■■■■■■■■■■■■■■■■■■■■■■■■■■■■■■■■■■■■■■■■■■■■■■■■■■■■■■■■■■■■■■■■■■■■■■■■■■■| 100% of 2.3 MiB
2026-01-26T19:50:21.0656296Z FFMPEG playwright build v1011 downloaded to /home/runner/.cache/ms-playwright/ffmpeg-1011
2026-01-26T19:50:21.4199293Z ##[group]Run npx playwright test --shard=2/3
2026-01-26T19:50:21.4199691Z [36;1mnpx playwright test --shard=2/3[0m
2026-01-26T19:50:21.4231461Z shell: /usr/bin/bash -e {0}
2026-01-26T19:50:21.4231724Z env:
2026-01-26T19:50:21.4232211Z   TEST_EMAIL: ***
2026-01-26T19:50:21.4232478Z   TEST_EMAIL_PASSWORD: ***
2026-01-26T19:50:21.4232741Z   IMAP_HOST: ***
2026-01-26T19:50:21.4232960Z   IMAP_PORT: ***
2026-01-26T19:50:21.4233175Z   SMTP_HOST: ***
2026-01-26T19:50:21.4233378Z   SMTP_PORT: ***
2026-01-26T19:50:21.4233582Z ##[endgroup]
2026-01-26T19:50:22.5972739Z [dotenv@17.2.3] injecting env (0) from .env -- tip: 🔄 add secrets lifecycle management: https://dotenvx.com/ops
2026-01-26T19:50:23.0629625Z 
2026-01-26T19:50:23.0630270Z Running 3 tests using 2 workers, shard 2 of 3
2026-01-26T19:50:23.7214636Z [dotenv@17.2.3] injecting env (0) from .env -- tip: ⚙️  override existing env vars with { override: true }
2026-01-26T19:50:23.7299742Z [dotenv@17.2.3] injecting env (0) from .env -- tip: 🔐 prevent building .env in docker: https://dotenvx.com/prebuild
2026-01-26T19:50:24.1563125Z Navigating to Incident Bot: https://bot.incusservices.com/incident...
2026-01-26T19:50:24.1590764Z Navigating to Exam Bot: https://bot.incusservices.com/exam...
2026-01-26T19:50:26.6946494Z Checking for consent button...
2026-01-26T19:50:26.6949472Z [TYPEBOT] Clicking button matching: Yes I consent|Yes!
2026-01-26T19:50:26.7219474Z [TYPEBOT] Available buttons: {"buttons":[]}
2026-01-26T19:50:26.7894904Z Accepting consent...
2026-01-26T19:50:26.7896072Z [TYPEBOT] Clicking button matching: Yes I consent
2026-01-26T19:50:26.8168351Z [TYPEBOT] Available buttons: {"buttons":[]}
2026-01-26T19:50:32.3921918Z [TYPEBOT] Button clicked
2026-01-26T19:50:34.4010496Z Uploading Incident Scene...
2026-01-26T19:50:34.4016848Z [UPLOAD] Attempting Typebot upload: /home/runner/work/playwright-bot-tests/playwright-bot-tests/fixtures/incident_scence.jpg
2026-01-26T19:50:34.4073966Z [UPLOAD] Waiting for upload elements in shadow DOM...
2026-01-26T19:50:34.4124524Z [UPLOAD] Waiting... Current state: {"hasFileInput":false,"hasDropzone":false,"hasDropzoneClass":false,"buttonCount":0,"buttonTexts":[],"inputCount":0}
2026-01-26T19:50:35.0287557Z [TYPEBOT] Button clicked
2026-01-26T19:50:37.0372772Z Uploading Quiz...
2026-01-26T19:50:37.0378986Z [UPLOAD] Attempting Typebot upload: /home/runner/work/playwright-bot-tests/playwright-bot-tests/fixtures/exam_quizz.docx
2026-01-26T19:50:37.0451455Z [UPLOAD] Waiting for upload elements in shadow DOM...
2026-01-26T19:50:37.0501744Z [UPLOAD] Waiting... Current state: {"hasFileInput":false,"hasDropzone":false,"hasDropzoneClass":false,"buttonCount":0,"buttonTexts":[],"inputCount":0}
2026-01-26T19:50:38.5813361Z [UPLOAD] Found upload element: {"hasFileInput":true,"hasDropzone":true,"hasDropzoneClass":false,"buttonCount":0,"buttonTexts":[],"inputCount":1}
2026-01-26T19:50:38.5814394Z [UPLOAD] Using direct shadow DOM access...
2026-01-26T19:50:38.6335157Z [UPLOAD] File uploaded via shadow DOM
2026-01-26T19:50:39.5114905Z [UPLOAD] Waiting... Current state: {"hasFileInput":false,"hasDropzone":false,"hasDropzoneClass":false,"buttonCount":2,"buttonTexts":["","Send"],"inputCount":1}
2026-01-26T19:50:41.6397394Z [TYPEBOT] Clicking button matching: Next|Continue|Skip|Send
2026-01-26T19:50:41.6443127Z [TYPEBOT] Available buttons: {"buttons":[]}
2026-01-26T19:50:44.6022158Z [UPLOAD] Waiting... Current state: {"hasFileInput":false,"hasDropzone":false,"hasDropzoneClass":false,"buttonCount":2,"buttonTexts":["","Send"],"inputCount":1}
2026-01-26T19:50:49.6940985Z [UPLOAD] Waiting... Current state: {"hasFileInput":false,"hasDropzone":false,"hasDropzoneClass":false,"buttonCount":2,"buttonTexts":["","Send"],"inputCount":1}
2026-01-26T19:50:54.7803623Z [UPLOAD] Waiting... Current state: {"hasFileInput":false,"hasDropzone":false,"hasDropzoneClass":false,"buttonCount":2,"buttonTexts":["","Send"],"inputCount":1}
2026-01-26T19:50:59.8649385Z [UPLOAD] Waiting... Current state: {"hasFileInput":false,"hasDropzone":false,"hasDropzoneClass":false,"buttonCount":2,"buttonTexts":["","Send"],"inputCount":1}
2026-01-26T19:51:04.4362387Z [UPLOAD] Waiting... Current state: {"hasFileInput":false,"hasDropzone":false,"hasDropzoneClass":false,"buttonCount":2,"buttonTexts":["","Send"],"inputCount":1}
2026-01-26T19:51:09.5166955Z [UPLOAD] Waiting... Current state: {"hasFileInput":false,"hasDropzone":false,"hasDropzoneClass":false,"buttonCount":2,"buttonTexts":["","Send"],"inputCount":1}
2026-01-26T19:51:11.6556341Z [TYPEBOT] Final buttons available: []
2026-01-26T19:51:14.6327418Z [UPLOAD] Waiting... Current state: {"hasFileInput":false,"hasDropzone":false,"hasDropzoneClass":false,"buttonCount":2,"buttonTexts":["","Send"],"inputCount":1}
2026-01-26T19:51:16.2900226Z ×[dotenv@17.2.3] injecting env (0) from .env -- tip: ⚙️  override existing env vars with { override: true }
2026-01-26T19:51:16.5522810Z Navigating to Exam Bot: https://bot.incusservices.com/exam...
2026-01-26T19:51:19.7181119Z [UPLOAD] Waiting... Current state: {"hasFileInput":false,"hasDropzone":false,"hasDropzoneClass":false,"buttonCount":2,"buttonTexts":["","Send"],"inputCount":1}
2026-01-26T19:51:24.8010546Z [UPLOAD] Waiting... Current state: {"hasFileInput":false,"hasDropzone":false,"hasDropzoneClass":false,"buttonCount":2,"buttonTexts":["","Send"],"inputCount":1}
2026-01-26T19:51:29.8769986Z [UPLOAD] Waiting... Current state: {"hasFileInput":false,"hasDropzone":false,"hasDropzoneClass":false,"buttonCount":2,"buttonTexts":["","Send"],"inputCount":1}
2026-01-26T19:51:34.4488520Z [UPLOAD] Upload element not found. Final state: {"html":"<style>/*! tailwindcss v4.1.16 | MIT License | https://tailwindcss.com */\n:root,.light{--blue-1:#fcfdfe;--blue-2:#f6f9ff;--blue-3:#ebf2ff;--blue-4:#ddeaff;--blue-5:#ccdfff;--blue-6:#b7d2ff;--blue-7:#a0bfff;--blue-8:#7fa5fd;--blue-9:#3566fc;--blue-10:#2f5be1;--blue-11:#2c57dd;--blue-12:#172c65;--orange-1:#fefcfb;--orange-2:#fff4f0;--orange-3:#ffe8de;--orange-4:#ffd6c7;--orange-5:#ffc8b5;--orange-6:#ffb8a0;--orange-7:#ffa286;--orange-8:#f98868;--orange-9:#ff5924;--orange-10:#f24905;--orange-11:#dc","buttons":["","Send"]}
2026-01-26T19:51:34.4491314Z [UPLOAD] Failed: Upload element not found after 60000ms
2026-01-26T19:51:39.1388585Z ×[dotenv@17.2.3] injecting env (0) from .env -- tip: 👥 sync secrets across teammates & machines: https://dotenvx.com/ops
2026-01-26T19:51:39.3791134Z Navigating to Incident Bot: https://bot.incusservices.com/incident...
2026-01-26T19:52:07.5062904Z Checking for consent button...
2026-01-26T19:52:07.5064127Z [TYPEBOT] Clicking button matching: Yes I consent|Yes!
2026-01-26T19:52:07.5465121Z [TYPEBOT] Available buttons: {"error":"no-shadow"}
2026-01-26T19:52:09.8379075Z Accepting consent...
2026-01-26T19:52:09.8383442Z [TYPEBOT] Clicking button matching: Yes I consent
2026-01-26T19:52:09.8629683Z [TYPEBOT] Available buttons: {"buttons":[]}
2026-01-26T19:52:17.7572046Z [TYPEBOT] Final buttons available: []
2026-01-26T19:52:17.7573761Z No consent button found, continuing...
2026-01-26T19:52:17.7574111Z Uploading Incident Scene...
2026-01-26T19:52:17.7581180Z [UPLOAD] Attempting Typebot upload: /home/runner/work/playwright-bot-tests/playwright-bot-tests/fixtures/incident_scence.jpg
2026-01-26T19:52:17.7640603Z [UPLOAD] Waiting for upload elements in shadow DOM...
2026-01-26T19:52:17.7680221Z [UPLOAD] Waiting... Current state: {"error":"no-shadow"}
2026-01-26T19:52:18.0648335Z [TYPEBOT] Button clicked
2026-01-26T19:52:20.0696874Z Uploading Quiz...
2026-01-26T19:52:20.0703375Z [UPLOAD] Attempting Typebot upload: /home/runner/work/playwright-bot-tests/playwright-bot-tests/fixtures/exam_quizz.docx
2026-01-26T19:52:20.0791720Z [UPLOAD] Waiting for upload elements in shadow DOM...
2026-01-26T19:52:20.0865409Z [UPLOAD] Waiting... Current state: {"hasFileInput":false,"hasDropzone":false,"hasDropzoneClass":false,"buttonCount":0,"buttonTexts":[],"inputCount":0}
2026-01-26T19:52:21.6190176Z [UPLOAD] Found upload element: {"hasFileInput":true,"hasDropzone":true,"hasDropzoneClass":false,"buttonCount":0,"buttonTexts":[],"inputCount":1}
2026-01-26T19:52:21.6191801Z [UPLOAD] Using direct shadow DOM access...
2026-01-26T19:52:21.6697542Z [UPLOAD] File uploaded via shadow DOM
2026-01-26T19:52:22.8405723Z [UPLOAD] Waiting... Current state: {"error":"no-shadow"}
2026-01-26T19:52:24.6759043Z [TYPEBOT] Clicking button matching: Next|Continue|Skip|Send
2026-01-26T19:52:24.6817268Z [TYPEBOT] Available buttons: {"buttons":[]}
2026-01-26T19:52:27.9077726Z [UPLOAD] Waiting... Current state: {"error":"no-shadow"}
2026-01-26T19:52:32.9675388Z [UPLOAD] Waiting... Current state: {"error":"no-shadow"}
2026-01-26T19:52:38.0309718Z [UPLOAD] Waiting... Current state: {"error":"no-shadow"}
2026-01-26T19:52:43.2431593Z [UPLOAD] Waiting... Current state: {"hasFileInput":false,"hasDropzone":false,"hasDropzoneClass":false,"buttonCount":0,"buttonTexts":[],"inputCount":0}
2026-01-26T19:52:47.8690427Z [UPLOAD] Waiting... Current state: {"hasFileInput":false,"hasDropzone":false,"hasDropzoneClass":false,"buttonCount":0,"buttonTexts":[],"inputCount":0}
2026-01-26T19:52:52.9706428Z [UPLOAD] Waiting... Current state: {"hasFileInput":false,"hasDropzone":false,"hasDropzoneClass":false,"buttonCount":1,"buttonTexts":["Yes!"],"inputCount":0}
2026-01-26T19:52:54.7778581Z [TYPEBOT] Final buttons available: []
2026-01-26T19:52:58.0987138Z [UPLOAD] Waiting... Current state: {"hasFileInput":false,"hasDropzone":false,"hasDropzoneClass":false,"buttonCount":1,"buttonTexts":["Yes!"],"inputCount":0}
2026-01-26T19:53:00.0005027Z ×[dotenv@17.2.3] injecting env (0) from .env -- tip: 📡 add observability to secrets: https://dotenvx.com/ops
2026-01-26T19:53:00.2652919Z Navigating to Exam Bot: https://bot.incusservices.com/exam...
2026-01-26T19:53:03.1796083Z [UPLOAD] Waiting... Current state: {"hasFileInput":false,"hasDropzone":false,"hasDropzoneClass":false,"buttonCount":1,"buttonTexts":["Yes!"],"inputCount":0}
2026-01-26T19:53:08.2597270Z [UPLOAD] Waiting... Current state: {"hasFileInput":false,"hasDropzone":false,"hasDropzoneClass":false,"buttonCount":1,"buttonTexts":["Yes!"],"inputCount":0}
2026-01-26T19:53:12.8341507Z [UPLOAD] Waiting... Current state: {"hasFileInput":false,"hasDropzone":false,"hasDropzoneClass":false,"buttonCount":1,"buttonTexts":["Yes!"],"inputCount":0}
2026-01-26T19:53:17.9141886Z [UPLOAD] Upload element not found. Final state: {"html":"<style>/*! tailwindcss v4.1.16 | MIT License | https://tailwindcss.com */\n:root,.light{--blue-1:#fcfdfe;--blue-2:#f6f9ff;--blue-3:#ebf2ff;--blue-4:#ddeaff;--blue-5:#ccdfff;--blue-6:#b7d2ff;--blue-7:#a0bfff;--blue-8:#7fa5fd;--blue-9:#3566fc;--blue-10:#2f5be1;--blue-11:#2c57dd;--blue-12:#172c65;--orange-1:#fefcfb;--orange-2:#fff4f0;--orange-3:#ffe8de;--orange-4:#ffd6c7;--orange-5:#ffc8b5;--orange-6:#ffb8a0;--orange-7:#ffa286;--orange-8:#f98868;--orange-9:#ff5924;--orange-10:#f24905;--orange-11:#dc","buttons":["Yes!"]}
2026-01-26T19:53:17.9148059Z [UPLOAD] Failed: Upload element not found after 60000ms
2026-01-26T19:53:21.9605614Z ×[dotenv@17.2.3] injecting env (0) from .env -- tip: 🔐 prevent committing .env to code: https://dotenvx.com/precommit
2026-01-26T19:53:22.2079151Z Navigating to Incident Bot: https://bot.incusservices.com/incident...
2026-01-26T19:53:24.7112342Z Checking for consent button...
2026-01-26T19:53:24.7113199Z [TYPEBOT] Clicking button matching: Yes I consent|Yes!
2026-01-26T19:53:24.7349426Z [TYPEBOT] Available buttons: {"buttons":[]}
2026-01-26T19:53:30.3625208Z [TYPEBOT] Button clicked
2026-01-26T19:53:31.2782445Z Accepting consent...
2026-01-26T19:53:31.2784401Z [TYPEBOT] Clicking button matching: Yes I consent
2026-01-26T19:53:31.2950303Z [TYPEBOT] Available buttons: {"error":"no-shadow"}
2026-01-26T19:53:32.3673837Z Uploading Incident Scene...
2026-01-26T19:53:32.3682063Z [UPLOAD] Attempting Typebot upload: /home/runner/work/playwright-bot-tests/playwright-bot-tests/fixtures/incident_scence.jpg
2026-01-26T19:53:32.3752373Z [UPLOAD] Waiting for upload elements in shadow DOM...
2026-01-26T19:53:32.3804149Z [UPLOAD] Waiting... Current state: {"hasFileInput":false,"hasDropzone":false,"hasDropzoneClass":false,"buttonCount":0,"buttonTexts":[],"inputCount":0}
2026-01-26T19:53:37.4669761Z [UPLOAD] Waiting... Current state: {"hasFileInput":false,"hasDropzone":false,"hasDropzoneClass":false,"buttonCount":2,"buttonTexts":["","Send"],"inputCount":1}
2026-01-26T19:53:42.5755673Z [UPLOAD] Waiting... Current state: {"hasFileInput":false,"hasDropzone":false,"hasDropzoneClass":false,"buttonCount":2,"buttonTexts":["","Send"],"inputCount":1}
2026-01-26T19:53:47.6615175Z [UPLOAD] Waiting... Current state: {"hasFileInput":false,"hasDropzone":false,"hasDropzoneClass":false,"buttonCount":2,"buttonTexts":["","Send"],"inputCount":1}
2026-01-26T19:53:52.7457645Z [UPLOAD] Waiting... Current state: {"hasFileInput":false,"hasDropzone":false,"hasDropzoneClass":false,"buttonCount":2,"buttonTexts":["","Send"],"inputCount":1}
2026-01-26T19:53:57.8263598Z [UPLOAD] Waiting... Current state: {"hasFileInput":false,"hasDropzone":false,"hasDropzoneClass":false,"buttonCount":2,"buttonTexts":["","Send"],"inputCount":1}
2026-01-26T19:54:02.3999772Z [UPLOAD] Waiting... Current state: {"hasFileInput":false,"hasDropzone":false,"hasDropzoneClass":false,"buttonCount":2,"buttonTexts":["","Send"],"inputCount":1}
2026-01-26T19:54:07.5273540Z [UPLOAD] Waiting... Current state: {"hasFileInput":false,"hasDropzone":false,"hasDropzoneClass":false,"buttonCount":2,"buttonTexts":["","Send"],"inputCount":1}
2026-01-26T19:54:11.4288112Z [TYPEBOT] Final buttons available: []
2026-01-26T19:54:12.6537120Z F[UPLOAD] Waiting... Current state: {"hasFileInput":false,"hasDropzone":false,"hasDropzoneClass":false,"buttonCount":2,"buttonTexts":["","Send"],"inputCount":1}
2026-01-26T19:54:13.1752251Z [dotenv@17.2.3] injecting env (0) from .env -- tip: 👥 sync secrets across teammates & machines: https://dotenvx.com/ops
2026-01-26T19:54:13.4285655Z Navigating to Match Bot: https://bot.incusservices.com/match...
2026-01-26T19:54:17.7491873Z [UPLOAD] Waiting... Current state: {"hasFileInput":false,"hasDropzone":false,"hasDropzoneClass":false,"buttonCount":2,"buttonTexts":["","Send"],"inputCount":1}
2026-01-26T19:54:22.8387718Z [UPLOAD] Waiting... Current state: {"hasFileInput":false,"hasDropzone":false,"hasDropzoneClass":false,"buttonCount":2,"buttonTexts":["","Send"],"inputCount":1}
2026-01-26T19:54:27.4067128Z [UPLOAD] Waiting... Current state: {"hasFileInput":false,"hasDropzone":false,"hasDropzoneClass":false,"buttonCount":2,"buttonTexts":["","Send"],"inputCount":1}
2026-01-26T19:54:32.4857616Z [UPLOAD] Upload element not found. Final state: {"html":"<style>/*! tailwindcss v4.1.16 | MIT License | https://tailwindcss.com */\n:root,.light{--blue-1:#fcfdfe;--blue-2:#f6f9ff;--blue-3:#ebf2ff;--blue-4:#ddeaff;--blue-5:#ccdfff;--blue-6:#b7d2ff;--blue-7:#a0bfff;--blue-8:#7fa5fd;--blue-9:#3566fc;--blue-10:#2f5be1;--blue-11:#2c57dd;--blue-12:#172c65;--orange-1:#fefcfb;--orange-2:#fff4f0;--orange-3:#ffe8de;--orange-4:#ffd6c7;--orange-5:#ffc8b5;--orange-6:#ffb8a0;--orange-7:#ffa286;--orange-8:#f98868;--orange-9:#ff5924;--orange-10:#f24905;--orange-11:#dc","buttons":["","Send"]}
2026-01-26T19:54:32.4862289Z [UPLOAD] Failed: Upload element not found after 60000ms
2026-01-26T19:55:12.7440395Z FChecking for consent button...
2026-01-26T19:55:12.7443092Z [TYPEBOT] Clicking button matching: Yes I consent|Yes!
2026-01-26T19:55:12.7687778Z [TYPEBOT] Available buttons: {"buttons":[]}
2026-01-26T19:55:20.9698623Z [TYPEBOT] Button clicked
2026-01-26T19:55:22.9746222Z Uploading Job Description...
2026-01-26T19:55:22.9753558Z [UPLOAD] Attempting Typebot upload: /home/runner/work/playwright-bot-tests/playwright-bot-tests/fixtures/match_jd.docx
2026-01-26T19:55:22.9849758Z [UPLOAD] Waiting for upload elements in shadow DOM...
2026-01-26T19:55:22.9898027Z [UPLOAD] Waiting... Current state: {"hasFileInput":false,"hasDropzone":false,"hasDropzoneClass":false,"buttonCount":0,"buttonTexts":[],"inputCount":0}
2026-01-26T19:55:24.5213902Z [UPLOAD] Found upload element: {"hasFileInput":true,"hasDropzone":true,"hasDropzoneClass":false,"buttonCount":0,"buttonTexts":[],"inputCount":1}
2026-01-26T19:55:24.5215370Z [UPLOAD] Using direct shadow DOM access...
2026-01-26T19:55:24.5795332Z [UPLOAD] File uploaded via shadow DOM
2026-01-26T19:55:27.5878156Z [TYPEBOT] Clicking button matching: Next|Continue|Skip|Send
2026-01-26T19:55:27.5937757Z [TYPEBOT] Available buttons: {"buttons":[]}
2026-01-26T19:55:58.0990310Z [TYPEBOT] Final buttons available: []
2026-01-26T19:56:02.6982708Z ×[dotenv@17.2.3] injecting env (0) from .env -- tip: 🔄 add secrets lifecycle management: https://dotenvx.com/ops
2026-01-26T19:56:02.9390129Z Navigating to Match Bot: https://bot.incusservices.com/match...
2026-01-26T19:57:25.6379398Z Checking for consent button...
2026-01-26T19:57:25.6380506Z [TYPEBOT] Clicking button matching: Yes I consent|Yes!
2026-01-26T19:57:25.6576613Z [TYPEBOT] Available buttons: {"buttons":[]}
2026-01-26T19:57:34.3787977Z [TYPEBOT] Button clicked
2026-01-26T19:57:36.3849682Z Uploading Job Description...
2026-01-26T19:57:36.3857484Z [UPLOAD] Attempting Typebot upload: /home/runner/work/playwright-bot-tests/playwright-bot-tests/fixtures/match_jd.docx
2026-01-26T19:57:36.3943220Z [UPLOAD] Waiting for upload elements in shadow DOM...
2026-01-26T19:57:36.3999339Z [UPLOAD] Waiting... Current state: {"hasFileInput":false,"hasDropzone":false,"hasDropzoneClass":false,"buttonCount":0,"buttonTexts":[],"inputCount":0}
2026-01-26T19:57:37.9351039Z [UPLOAD] Found upload element: {"hasFileInput":true,"hasDropzone":true,"hasDropzoneClass":false,"buttonCount":0,"buttonTexts":[],"inputCount":1}
2026-01-26T19:57:37.9352289Z [UPLOAD] Using direct shadow DOM access...
2026-01-26T19:57:38.0195004Z [UPLOAD] File uploaded via shadow DOM
2026-01-26T19:57:41.0273841Z [TYPEBOT] Clicking button matching: Next|Continue|Skip|Send
2026-01-26T19:57:41.0326053Z [TYPEBOT] Available buttons: {"buttons":[]}
2026-01-26T19:58:11.0556310Z [TYPEBOT] Final buttons available: []
2026-01-26T19:58:15.7173269Z ×[dotenv@17.2.3] injecting env (0) from .env -- tip: ⚙️  specify custom .env file path with { path: '/custom/path/.env' }
2026-01-26T19:58:15.9628921Z Navigating to Match Bot: https://bot.incusservices.com/match...
2026-01-26T19:59:06.8157645Z Checking for consent button...
2026-01-26T19:59:06.8159650Z [TYPEBOT] Clicking button matching: Yes I consent|Yes!
2026-01-26T19:59:06.8312391Z [TYPEBOT] Available buttons: {"error":"no-shadow"}
2026-01-26T19:59:16.9817492Z [TYPEBOT] Final buttons available: []
2026-01-26T19:59:16.9818218Z No consent button found, continuing...
2026-01-26T19:59:16.9818705Z Uploading Job Description...
2026-01-26T19:59:16.9824648Z [UPLOAD] Attempting Typebot upload: /home/runner/work/playwright-bot-tests/playwright-bot-tests/fixtures/match_jd.docx
2026-01-26T19:59:16.9874183Z [UPLOAD] Waiting for upload elements in shadow DOM...
2026-01-26T19:59:16.9908402Z [UPLOAD] Waiting... Current state: {"error":"no-shadow"}
2026-01-26T19:59:22.0539894Z [UPLOAD] Waiting... Current state: {"error":"no-shadow"}
2026-01-26T19:59:27.1096703Z [UPLOAD] Waiting... Current state: {"error":"no-shadow"}
2026-01-26T19:59:32.1609289Z [UPLOAD] Waiting... Current state: {"error":"no-shadow"}
2026-01-26T19:59:37.2093489Z [UPLOAD] Waiting... Current state: {"error":"no-shadow"}
2026-01-26T19:59:42.2608129Z [UPLOAD] Waiting... Current state: {"error":"no-shadow"}
2026-01-26T19:59:47.3122698Z [UPLOAD] Waiting... Current state: {"error":"no-shadow"}
2026-01-26T19:59:52.3636610Z [UPLOAD] Waiting... Current state: {"error":"no-shadow"}
2026-01-26T19:59:57.4284017Z [UPLOAD] Waiting... Current state: {"error":"no-shadow"}
2026-01-26T20:00:02.4836818Z [UPLOAD] Waiting... Current state: {"error":"no-shadow"}
2026-01-26T20:00:07.1195791Z [UPLOAD] Waiting... Current state: {"hasFileInput":false,"hasDropzone":false,"hasDropzoneClass":false,"buttonCount":0,"buttonTexts":[],"inputCount":0}
2026-01-26T20:00:12.2435288Z [UPLOAD] Waiting... Current state: {"hasFileInput":false,"hasDropzone":false,"hasDropzoneClass":false,"buttonCount":0,"buttonTexts":[],"inputCount":0}
2026-01-26T20:00:17.3396666Z [UPLOAD] Upload element not found. Final state: {"html":"<style>/*! tailwindcss v4.1.16 | MIT License | https://tailwindcss.com */\n:root,.light{--blue-1:#fcfdfe;--blue-2:#f6f9ff;--blue-3:#ebf2ff;--blue-4:#ddeaff;--blue-5:#ccdfff;--blue-6:#b7d2ff;--blue-7:#a0bfff;--blue-8:#7fa5fd;--blue-9:#3566fc;--blue-10:#2f5be1;--blue-11:#2c57dd;--blue-12:#172c65;--orange-1:#fefcfb;--orange-2:#fff4f0;--orange-3:#ffe8de;--orange-4:#ffd6c7;--orange-5:#ffc8b5;--orange-6:#ffb8a0;--orange-7:#ffa286;--orange-8:#f98868;--orange-9:#ff5924;--orange-10:#f24905;--orange-11:#dc","buttons":["Yes I consent","No, not now"]}
2026-01-26T20:00:17.3399051Z [UPLOAD] Failed: Upload element not found after 60000ms
2026-01-26T20:00:18.8076048Z F
2026-01-26T20:00:18.8084536Z 
2026-01-26T20:00:18.8103428Z   1) [chromium] › tests/exam.spec.ts:10:9 › Exam Bot Interaction Flow › should trigger exam grade email and verify receipt 
2026-01-26T20:00:18.8104041Z 
2026-01-26T20:00:18.8104479Z     Error: Button matching "Next|Continue|Skip|Send" not found after 30000ms. Available: []
2026-01-26T20:00:18.8105107Z 
2026-01-26T20:00:18.8105271Z        at ../utils/uploadHelper.ts:243
2026-01-26T20:00:18.8105501Z 
2026-01-26T20:00:18.8105599Z       241 |         });
2026-01-26T20:00:18.8106074Z       242 |         console.log(`[TYPEBOT] Final buttons available: ${JSON.stringify(finalButtons)}`);
2026-01-26T20:00:18.8107147Z     > 243 |         throw new Error(`Button matching "${patternStr}" not found after ${timeout}ms. Available: ${JSON.stringify(finalButtons)}`);
2026-01-26T20:00:18.8108095Z           |               ^
2026-01-26T20:00:18.8108481Z       244 |     }
2026-01-26T20:00:18.8108806Z       245 |
2026-01-26T20:00:18.8109132Z       246 |     // Click the button
2026-01-26T20:00:18.8109753Z         at clickTypebotButton (/home/runner/work/playwright-bot-tests/playwright-bot-tests/utils/uploadHelper.ts:243:15)
2026-01-26T20:00:18.8110548Z         at /home/runner/work/playwright-bot-tests/playwright-bot-tests/tests/exam.spec.ts:29:13
2026-01-26T20:00:18.8110918Z 
2026-01-26T20:00:18.8111371Z     attachment #1: screenshot (image/png) ──────────────────────────────────────────────────────────
2026-01-26T20:00:18.8112129Z     test-results/exam-Exam-Bot-Interaction--9705d-de-email-and-verify-receipt-chromium/test-failed-1.png
2026-01-26T20:00:18.8112950Z     ────────────────────────────────────────────────────────────────────────────────────────────────
2026-01-26T20:00:18.8113450Z 
2026-01-26T20:00:18.8114098Z     attachment #2: video (video/webm) ──────────────────────────────────────────────────────────────
2026-01-26T20:00:18.8115192Z     test-results/exam-Exam-Bot-Interaction--9705d-de-email-and-verify-receipt-chromium/video.webm
2026-01-26T20:00:18.8116177Z     ────────────────────────────────────────────────────────────────────────────────────────────────
2026-01-26T20:00:18.8116460Z 
2026-01-26T20:00:18.8116918Z     Error Context: test-results/exam-Exam-Bot-Interaction--9705d-de-email-and-verify-receipt-chromium/error-context.md
2026-01-26T20:00:18.8117408Z 
2026-01-26T20:00:18.8117799Z     attachment #4: trace (application/zip) ─────────────────────────────────────────────────────────
2026-01-26T20:00:18.8118524Z     test-results/exam-Exam-Bot-Interaction--9705d-de-email-and-verify-receipt-chromium/trace.zip
2026-01-26T20:00:18.8119015Z     Usage:
2026-01-26T20:00:18.8119191Z 
2026-01-26T20:00:18.8119823Z         npx playwright show-trace test-results/exam-Exam-Bot-Interaction--9705d-de-email-and-verify-receipt-chromium/trace.zip
2026-01-26T20:00:18.8120582Z 
2026-01-26T20:00:18.8120950Z     ────────────────────────────────────────────────────────────────────────────────────────────────
2026-01-26T20:00:18.8121234Z 
2026-01-26T20:00:18.8121592Z     Retry #1 ───────────────────────────────────────────────────────────────────────────────────────
2026-01-26T20:00:18.8121879Z 
2026-01-26T20:00:18.8122183Z     Error: Button matching "Next|Continue|Skip|Send" not found after 30000ms. Available: []
2026-01-26T20:00:18.8122528Z 
2026-01-26T20:00:18.8122659Z        at ../utils/uploadHelper.ts:243
2026-01-26T20:00:18.8122851Z 
2026-01-26T20:00:18.8122939Z       241 |         });
2026-01-26T20:00:18.8123521Z       242 |         console.log(`[TYPEBOT] Final buttons available: ${JSON.stringify(finalButtons)}`);
2026-01-26T20:00:18.8124338Z     > 243 |         throw new Error(`Button matching "${patternStr}" not found after ${timeout}ms. Available: ${JSON.stringify(finalButtons)}`);
2026-01-26T20:00:18.8125270Z           |               ^
2026-01-26T20:00:18.8125526Z       244 |     }
2026-01-26T20:00:18.8125732Z       245 |
2026-01-26T20:00:18.8125960Z       246 |     // Click the button
2026-01-26T20:00:18.8126590Z         at clickTypebotButton (/home/runner/work/playwright-bot-tests/playwright-bot-tests/utils/uploadHelper.ts:243:15)
2026-01-26T20:00:18.8127362Z         at /home/runner/work/playwright-bot-tests/playwright-bot-tests/tests/exam.spec.ts:29:13
2026-01-26T20:00:18.8127719Z 
2026-01-26T20:00:18.8128135Z     attachment #1: screenshot (image/png) ──────────────────────────────────────────────────────────
2026-01-26T20:00:18.8128932Z     test-results/exam-Exam-Bot-Interaction--9705d-de-email-and-verify-receipt-chromium-retry1/test-failed-1.png
2026-01-26T20:00:18.8129765Z     ────────────────────────────────────────────────────────────────────────────────────────────────
2026-01-26T20:00:18.8130044Z 
2026-01-26T20:00:18.8130423Z     attachment #2: video (video/webm) ──────────────────────────────────────────────────────────────
2026-01-26T20:00:18.8131157Z     test-results/exam-Exam-Bot-Interaction--9705d-de-email-and-verify-receipt-chromium-retry1/video.webm
2026-01-26T20:00:18.8131939Z     ────────────────────────────────────────────────────────────────────────────────────────────────
2026-01-26T20:00:18.8132220Z 
2026-01-26T20:00:18.8132799Z     Error Context: test-results/exam-Exam-Bot-Interaction--9705d-de-email-and-verify-receipt-chromium-retry1/error-context.md
2026-01-26T20:00:18.8133467Z 
2026-01-26T20:00:18.8133893Z     attachment #4: trace (application/zip) ─────────────────────────────────────────────────────────
2026-01-26T20:00:18.8134932Z     test-results/exam-Exam-Bot-Interaction--9705d-de-email-and-verify-receipt-chromium-retry1/trace.zip
2026-01-26T20:00:18.8135599Z     Usage:
2026-01-26T20:00:18.8135796Z 
2026-01-26T20:00:18.8136406Z         npx playwright show-trace test-results/exam-Exam-Bot-Interaction--9705d-de-email-and-verify-receipt-chromium-retry1/trace.zip
2026-01-26T20:00:18.8137374Z 
2026-01-26T20:00:18.8137778Z     ────────────────────────────────────────────────────────────────────────────────────────────────
2026-01-26T20:00:18.8138232Z 
2026-01-26T20:00:18.8138700Z     Retry #2 ───────────────────────────────────────────────────────────────────────────────────────
2026-01-26T20:00:18.8138990Z 
2026-01-26T20:00:18.8139247Z     Error: Button matching "Yes I consent" not found after 40000ms. Available: []
2026-01-26T20:00:18.8139553Z 
2026-01-26T20:00:18.8139690Z        at ../utils/uploadHelper.ts:243
2026-01-26T20:00:18.8139950Z 
2026-01-26T20:00:18.8140077Z       241 |         });
2026-01-26T20:00:18.8140824Z       242 |         console.log(`[TYPEBOT] Final buttons available: ${JSON.stringify(finalButtons)}`);
2026-01-26T20:00:18.8142111Z     > 243 |         throw new Error(`Button matching "${patternStr}" not found after ${timeout}ms. Available: ${JSON.stringify(finalButtons)}`);
2026-01-26T20:00:18.8142931Z           |               ^
2026-01-26T20:00:18.8143257Z       244 |     }
2026-01-26T20:00:18.8143525Z       245 |
2026-01-26T20:00:18.8143862Z       246 |     // Click the button
2026-01-26T20:00:18.8144569Z         at clickTypebotButton (/home/runner/work/playwright-bot-tests/playwright-bot-tests/utils/uploadHelper.ts:243:15)
2026-01-26T20:00:18.8145582Z         at /home/runner/work/playwright-bot-tests/playwright-bot-tests/tests/exam.spec.ts:20:9
2026-01-26T20:00:18.8145950Z 
2026-01-26T20:00:18.8146561Z     attachment #1: screenshot (image/png) ──────────────────────────────────────────────────────────
2026-01-26T20:00:18.8147363Z     test-results/exam-Exam-Bot-Interaction--9705d-de-email-and-verify-receipt-chromium-retry2/test-failed-1.png
2026-01-26T20:00:18.8148210Z     ────────────────────────────────────────────────────────────────────────────────────────────────
2026-01-26T20:00:18.8148494Z 
2026-01-26T20:00:18.8148868Z     attachment #2: video (video/webm) ──────────────────────────────────────────────────────────────
2026-01-26T20:00:18.8149609Z     test-results/exam-Exam-Bot-Interaction--9705d-de-email-and-verify-receipt-chromium-retry2/video.webm
2026-01-26T20:00:18.8150401Z     ────────────────────────────────────────────────────────────────────────────────────────────────
2026-01-26T20:00:18.8150677Z 
2026-01-26T20:00:18.8151172Z     Error Context: test-results/exam-Exam-Bot-Interaction--9705d-de-email-and-verify-receipt-chromium-retry2/error-context.md
2026-01-26T20:00:18.8151699Z 
2026-01-26T20:00:18.8152088Z     attachment #4: trace (application/zip) ─────────────────────────────────────────────────────────
2026-01-26T20:00:18.8152822Z     test-results/exam-Exam-Bot-Interaction--9705d-de-email-and-verify-receipt-chromium-retry2/trace.zip
2026-01-26T20:00:18.8153366Z     Usage:
2026-01-26T20:00:18.8153476Z 
2026-01-26T20:00:18.8153995Z         npx playwright show-trace test-results/exam-Exam-Bot-Interaction--9705d-de-email-and-verify-receipt-chromium-retry2/trace.zip
2026-01-26T20:00:18.8154533Z 
2026-01-26T20:00:18.8155085Z     ────────────────────────────────────────────────────────────────────────────────────────────────
2026-01-26T20:00:18.8155545Z 
2026-01-26T20:00:18.8156149Z   2) [chromium] › tests/incident.spec.ts:10:9 › Incident Bot Interaction Flow › should trigger incident confirmation email and verify receipt 
2026-01-26T20:00:18.8156655Z 
2026-01-26T20:00:18.8156815Z     Error: Upload element not found after 60000ms
2026-01-26T20:00:18.8157026Z 
2026-01-26T20:00:18.8157166Z        at ../utils/uploadHelper.ts:102
2026-01-26T20:00:18.8157361Z 
2026-01-26T20:00:18.8157451Z       100 |             });
2026-01-26T20:00:18.8157960Z       101 |             console.log(`[UPLOAD] Upload element not found. Final state: ${JSON.stringify(finalState)}`);
2026-01-26T20:00:18.8158752Z     > 102 |             throw new Error(`Upload element not found after ${uploadTimeout}ms`);
2026-01-26T20:00:18.8159176Z           |                   ^
2026-01-26T20:00:18.8159420Z       103 |         }
2026-01-26T20:00:18.8159630Z       104 |
2026-01-26T20:00:18.8159996Z       105 |         // Method 1: Direct shadow DOM access via JavaScript (most reliable)
2026-01-26T20:00:18.8160706Z         at uploadToTypebot (/home/runner/work/playwright-bot-tests/playwright-bot-tests/utils/uploadHelper.ts:102:19)
2026-01-26T20:00:18.8161496Z         at /home/runner/work/playwright-bot-tests/playwright-bot-tests/tests/incident.spec.ts:31:13
2026-01-26T20:00:18.8161876Z 
2026-01-26T20:00:18.8162283Z     attachment #1: screenshot (image/png) ──────────────────────────────────────────────────────────
2026-01-26T20:00:18.8163032Z     test-results/incident-Incident-Bot-Inte-29c3e-on-email-and-verify-receipt-chromium/test-failed-1.png
2026-01-26T20:00:18.8163829Z     ────────────────────────────────────────────────────────────────────────────────────────────────
2026-01-26T20:00:18.8164110Z 
2026-01-26T20:00:18.8164488Z     attachment #2: video (video/webm) ──────────────────────────────────────────────────────────────
2026-01-26T20:00:18.8165317Z     test-results/incident-Incident-Bot-Inte-29c3e-on-email-and-verify-receipt-chromium/video.webm
2026-01-26T20:00:18.8166105Z     ────────────────────────────────────────────────────────────────────────────────────────────────
2026-01-26T20:00:18.8166390Z 
2026-01-26T20:00:18.8166846Z     Error Context: test-results/incident-Incident-Bot-Inte-29c3e-on-email-and-verify-receipt-chromium/error-context.md
2026-01-26T20:00:18.8167344Z 
2026-01-26T20:00:18.8167735Z     attachment #4: trace (application/zip) ─────────────────────────────────────────────────────────
2026-01-26T20:00:18.8168441Z     test-results/incident-Incident-Bot-Inte-29c3e-on-email-and-verify-receipt-chromium/trace.zip
2026-01-26T20:00:18.8168937Z     Usage:
2026-01-26T20:00:18.8169050Z 
2026-01-26T20:00:18.8169712Z         npx playwright show-trace test-results/incident-Incident-Bot-Inte-29c3e-on-email-and-verify-receipt-chromium/trace.zip
2026-01-26T20:00:18.8170252Z 
2026-01-26T20:00:18.8180566Z     ────────────────────────────────────────────────────────────────────────────────────────────────
2026-01-26T20:00:18.8181345Z 
2026-01-26T20:00:18.8181817Z     Retry #1 ───────────────────────────────────────────────────────────────────────────────────────
2026-01-26T20:00:18.8182137Z 
2026-01-26T20:00:18.8182320Z     Error: Upload element not found after 60000ms
2026-01-26T20:00:18.8182560Z 
2026-01-26T20:00:18.8182701Z        at ../utils/uploadHelper.ts:102
2026-01-26T20:00:18.8182901Z 
2026-01-26T20:00:18.8182997Z       100 |             });
2026-01-26T20:00:18.8183534Z       101 |             console.log(`[UPLOAD] Upload element not found. Final state: ${JSON.stringify(finalState)}`);
2026-01-26T20:00:18.8184201Z     > 102 |             throw new Error(`Upload element not found after ${uploadTimeout}ms`);
2026-01-26T20:00:18.8184956Z           |                   ^
2026-01-26T20:00:18.8185238Z       103 |         }
2026-01-26T20:00:18.8185464Z       104 |
2026-01-26T20:00:18.8185840Z       105 |         // Method 1: Direct shadow DOM access via JavaScript (most reliable)
2026-01-26T20:00:18.8186597Z         at uploadToTypebot (/home/runner/work/playwright-bot-tests/playwright-bot-tests/utils/uploadHelper.ts:102:19)
2026-01-26T20:00:18.8187398Z         at /home/runner/work/playwright-bot-tests/playwright-bot-tests/tests/incident.spec.ts:31:13
2026-01-26T20:00:18.8187786Z 
2026-01-26T20:00:18.8188205Z     attachment #1: screenshot (image/png) ──────────────────────────────────────────────────────────
2026-01-26T20:00:18.8189011Z     test-results/incident-Incident-Bot-Inte-29c3e-on-email-and-verify-receipt-chromium-retry1/test-failed-1.png
2026-01-26T20:00:18.8190154Z     ────────────────────────────────────────────────────────────────────────────────────────────────
2026-01-26T20:00:18.8190452Z 
2026-01-26T20:00:18.8190861Z     attachment #2: video (video/webm) ──────────────────────────────────────────────────────────────
2026-01-26T20:00:18.8191620Z     test-results/incident-Incident-Bot-Inte-29c3e-on-email-and-verify-receipt-chromium-retry1/video.webm
2026-01-26T20:00:18.8192419Z     ────────────────────────────────────────────────────────────────────────────────────────────────
2026-01-26T20:00:18.8192720Z 
2026-01-26T20:00:18.8193230Z     Error Context: test-results/incident-Incident-Bot-Inte-29c3e-on-email-and-verify-receipt-chromium-retry1/error-context.md
2026-01-26T20:00:18.8193763Z 
2026-01-26T20:00:18.8194160Z     attachment #4: trace (application/zip) ─────────────────────────────────────────────────────────
2026-01-26T20:00:18.8195119Z     test-results/incident-Incident-Bot-Inte-29c3e-on-email-and-verify-receipt-chromium-retry1/trace.zip
2026-01-26T20:00:18.8195661Z     Usage:
2026-01-26T20:00:18.8195778Z 
2026-01-26T20:00:18.8196371Z         npx playwright show-trace test-results/incident-Incident-Bot-Inte-29c3e-on-email-and-verify-receipt-chromium-retry1/trace.zip
2026-01-26T20:00:18.8197250Z 
2026-01-26T20:00:18.8197834Z     ────────────────────────────────────────────────────────────────────────────────────────────────
2026-01-26T20:00:18.8198117Z 
2026-01-26T20:00:18.8198987Z     Retry #2 ───────────────────────────────────────────────────────────────────────────────────────
2026-01-26T20:00:18.8199523Z 
2026-01-26T20:00:18.8199732Z     Error: Upload element not found after 60000ms
2026-01-26T20:00:18.8200080Z 
2026-01-26T20:00:18.8200335Z        at ../utils/uploadHelper.ts:102
2026-01-26T20:00:18.8200673Z 
2026-01-26T20:00:18.8200838Z       100 |             });
2026-01-26T20:00:18.8201625Z       101 |             console.log(`[UPLOAD] Upload element not found. Final state: ${JSON.stringify(finalState)}`);
2026-01-26T20:00:18.8202295Z     > 102 |             throw new Error(`Upload element not found after ${uploadTimeout}ms`);
2026-01-26T20:00:18.8202720Z           |                   ^
2026-01-26T20:00:18.8203129Z       103 |         }
2026-01-26T20:00:18.8203462Z       104 |
2026-01-26T20:00:18.8203830Z       105 |         // Method 1: Direct shadow DOM access via JavaScript (most reliable)
2026-01-26T20:00:18.8204556Z         at uploadToTypebot (/home/runner/work/playwright-bot-tests/playwright-bot-tests/utils/uploadHelper.ts:102:19)
2026-01-26T20:00:18.8205564Z         at /home/runner/work/playwright-bot-tests/playwright-bot-tests/tests/incident.spec.ts:31:13
2026-01-26T20:00:18.8205958Z 
2026-01-26T20:00:18.8206392Z     attachment #1: screenshot (image/png) ──────────────────────────────────────────────────────────
2026-01-26T20:00:18.8207193Z     test-results/incident-Incident-Bot-Inte-29c3e-on-email-and-verify-receipt-chromium-retry2/test-failed-1.png
2026-01-26T20:00:18.8208028Z     ────────────────────────────────────────────────────────────────────────────────────────────────
2026-01-26T20:00:18.8208306Z 
2026-01-26T20:00:18.8208702Z     attachment #2: video (video/webm) ──────────────────────────────────────────────────────────────
2026-01-26T20:00:18.8209436Z     test-results/incident-Incident-Bot-Inte-29c3e-on-email-and-verify-receipt-chromium-retry2/video.webm
2026-01-26T20:00:18.8210234Z     ────────────────────────────────────────────────────────────────────────────────────────────────
2026-01-26T20:00:18.8210525Z 
2026-01-26T20:00:18.8211034Z     Error Context: test-results/incident-Incident-Bot-Inte-29c3e-on-email-and-verify-receipt-chromium-retry2/error-context.md
2026-01-26T20:00:18.8211557Z 
2026-01-26T20:00:18.8211948Z     attachment #4: trace (application/zip) ─────────────────────────────────────────────────────────
2026-01-26T20:00:18.8212685Z     test-results/incident-Incident-Bot-Inte-29c3e-on-email-and-verify-receipt-chromium-retry2/trace.zip
2026-01-26T20:00:18.8213210Z     Usage:
2026-01-26T20:00:18.8213318Z 
2026-01-26T20:00:18.8213838Z         npx playwright show-trace test-results/incident-Incident-Bot-Inte-29c3e-on-email-and-verify-receipt-chromium-retry2/trace.zip
2026-01-26T20:00:18.8214392Z 
2026-01-26T20:00:18.8214893Z     ────────────────────────────────────────────────────────────────────────────────────────────────
2026-01-26T20:00:18.8215220Z 
2026-01-26T20:00:18.8215620Z   3) [chromium] › tests/match.spec.ts:10:9 › Match Bot Flow › should trigger job match result email 
2026-01-26T20:00:18.8216126Z 
2026-01-26T20:00:18.8216435Z     Error: Button matching "Next|Continue|Skip|Send" not found after 30000ms. Available: []
2026-01-26T20:00:18.8216777Z 
2026-01-26T20:00:18.8216916Z        at ../utils/uploadHelper.ts:243
2026-01-26T20:00:18.8217106Z 
2026-01-26T20:00:18.8217200Z       241 |         });
2026-01-26T20:00:18.8217652Z       242 |         console.log(`[TYPEBOT] Final buttons available: ${JSON.stringify(finalButtons)}`);
2026-01-26T20:00:18.8218467Z     > 243 |         throw new Error(`Button matching "${patternStr}" not found after ${timeout}ms. Available: ${JSON.stringify(finalButtons)}`);
2026-01-26T20:00:18.8219037Z           |               ^
2026-01-26T20:00:18.8219383Z       244 |     }
2026-01-26T20:00:18.8219594Z       245 |
2026-01-26T20:00:18.8219820Z       246 |     // Click the button
2026-01-26T20:00:18.8220435Z         at clickTypebotButton (/home/runner/work/playwright-bot-tests/playwright-bot-tests/utils/uploadHelper.ts:243:15)
2026-01-26T20:00:18.8221234Z         at /home/runner/work/playwright-bot-tests/playwright-bot-tests/tests/match.spec.ts:33:13
2026-01-26T20:00:18.8221599Z 
2026-01-26T20:00:18.8222001Z     attachment #1: screenshot (image/png) ──────────────────────────────────────────────────────────
2026-01-26T20:00:18.8222741Z     test-results/match-Match-Bot-Flow-should-trigger-job-match-result-email-chromium/test-failed-1.png
2026-01-26T20:00:18.8223531Z     ────────────────────────────────────────────────────────────────────────────────────────────────
2026-01-26T20:00:18.8223815Z 
2026-01-26T20:00:18.8224195Z     attachment #2: video (video/webm) ──────────────────────────────────────────────────────────────
2026-01-26T20:00:18.8225140Z     test-results/match-Match-Bot-Flow-should-trigger-job-match-result-email-chromium/video.webm
2026-01-26T20:00:18.8225924Z     ────────────────────────────────────────────────────────────────────────────────────────────────
2026-01-26T20:00:18.8226208Z 
2026-01-26T20:00:18.8226683Z     Error Context: test-results/match-Match-Bot-Flow-should-trigger-job-match-result-email-chromium/error-context.md
2026-01-26T20:00:18.8227328Z 
2026-01-26T20:00:18.8227742Z     attachment #4: trace (application/zip) ─────────────────────────────────────────────────────────
2026-01-26T20:00:18.8228455Z     test-results/match-Match-Bot-Flow-should-trigger-job-match-result-email-chromium/trace.zip
2026-01-26T20:00:18.8228949Z     Usage:
2026-01-26T20:00:18.8229066Z 
2026-01-26T20:00:18.8229544Z         npx playwright show-trace test-results/match-Match-Bot-Flow-should-trigger-job-match-result-email-chromium/trace.zip
2026-01-26T20:00:18.8230056Z 
2026-01-26T20:00:18.8230782Z     ────────────────────────────────────────────────────────────────────────────────────────────────
2026-01-26T20:00:18.8231307Z 
2026-01-26T20:00:18.8231984Z     Retry #1 ───────────────────────────────────────────────────────────────────────────────────────
2026-01-26T20:00:18.8232291Z 
2026-01-26T20:00:18.8232597Z     Error: Button matching "Next|Continue|Skip|Send" not found after 30000ms. Available: []
2026-01-26T20:00:18.8233101Z 
2026-01-26T20:00:18.8233242Z        at ../utils/uploadHelper.ts:243
2026-01-26T20:00:18.8233440Z 
2026-01-26T20:00:18.8233529Z       241 |         });
2026-01-26T20:00:18.8233992Z       242 |         console.log(`[TYPEBOT] Final buttons available: ${JSON.stringify(finalButtons)}`);
2026-01-26T20:00:18.8235000Z     > 243 |         throw new Error(`Button matching "${patternStr}" not found after ${timeout}ms. Available: ${JSON.stringify(finalButtons)}`);
2026-01-26T20:00:18.8235585Z           |               ^
2026-01-26T20:00:18.8235819Z       244 |     }
2026-01-26T20:00:18.8236027Z       245 |
2026-01-26T20:00:18.8236264Z       246 |     // Click the button
2026-01-26T20:00:18.8236890Z         at clickTypebotButton (/home/runner/work/playwright-bot-tests/playwright-bot-tests/utils/uploadHelper.ts:243:15)
2026-01-26T20:00:18.8237738Z         at /home/runner/work/playwright-bot-tests/playwright-bot-tests/tests/match.spec.ts:33:13
2026-01-26T20:00:18.8238315Z 
2026-01-26T20:00:18.8238752Z     attachment #1: screenshot (image/png) ──────────────────────────────────────────────────────────
2026-01-26T20:00:18.8239542Z     test-results/match-Match-Bot-Flow-should-trigger-job-match-result-email-chromium-retry1/test-failed-1.png
2026-01-26T20:00:18.8240367Z     ────────────────────────────────────────────────────────────────────────────────────────────────
2026-01-26T20:00:18.8240650Z 
2026-01-26T20:00:18.8241032Z     attachment #2: video (video/webm) ──────────────────────────────────────────────────────────────
2026-01-26T20:00:18.8241759Z     test-results/match-Match-Bot-Flow-should-trigger-job-match-result-email-chromium-retry1/video.webm
2026-01-26T20:00:18.8242558Z     ────────────────────────────────────────────────────────────────────────────────────────────────
2026-01-26T20:00:18.8242841Z 
2026-01-26T20:00:18.8243331Z     Error Context: test-results/match-Match-Bot-Flow-should-trigger-job-match-result-email-chromium-retry1/error-context.md
2026-01-26T20:00:18.8243864Z 
2026-01-26T20:00:18.8244257Z     attachment #4: trace (application/zip) ─────────────────────────────────────────────────────────
2026-01-26T20:00:18.8245112Z     test-results/match-Match-Bot-Flow-should-trigger-job-match-result-email-chromium-retry1/trace.zip
2026-01-26T20:00:18.8245638Z     Usage:
2026-01-26T20:00:18.8245755Z 
2026-01-26T20:00:18.8246286Z         npx playwright show-trace test-results/match-Match-Bot-Flow-should-trigger-job-match-result-email-chromium-retry1/trace.zip
2026-01-26T20:00:18.8246825Z 
2026-01-26T20:00:18.8247174Z     ────────────────────────────────────────────────────────────────────────────────────────────────
2026-01-26T20:00:18.8247456Z 
2026-01-26T20:00:18.8248050Z     Retry #2 ───────────────────────────────────────────────────────────────────────────────────────
2026-01-26T20:00:18.8248590Z 
2026-01-26T20:00:18.8248863Z     Error: Upload element not found after 60000ms
2026-01-26T20:00:18.8249239Z 
2026-01-26T20:00:18.8249636Z        at ../utils/uploadHelper.ts:102
2026-01-26T20:00:18.8249942Z 
2026-01-26T20:00:18.8250091Z       100 |             });
2026-01-26T20:00:18.8250955Z       101 |             console.log(`[UPLOAD] Upload element not found. Final state: ${JSON.stringify(finalState)}`);
2026-01-26T20:00:18.8252083Z     > 102 |             throw new Error(`Upload element not found after ${uploadTimeout}ms`);
2026-01-26T20:00:18.8252796Z           |                   ^
2026-01-26T20:00:18.8253193Z       103 |         }
2026-01-26T20:00:18.8253418Z       104 |
2026-01-26T20:00:18.8253963Z       105 |         // Method 1: Direct shadow DOM access via JavaScript (most reliable)
2026-01-26T20:00:18.8255370Z         at uploadToTypebot (/home/runner/work/playwright-bot-tests/playwright-bot-tests/utils/uploadHelper.ts:102:19)
2026-01-26T20:00:18.8256650Z         at /home/runner/work/playwright-bot-tests/playwright-bot-tests/tests/match.spec.ts:31:13
2026-01-26T20:00:18.8257033Z 
2026-01-26T20:00:18.8257480Z     attachment #1: screenshot (image/png) ──────────────────────────────────────────────────────────
2026-01-26T20:00:18.8258285Z     test-results/match-Match-Bot-Flow-should-trigger-job-match-result-email-chromium-retry2/test-failed-1.png
2026-01-26T20:00:18.8259115Z     ────────────────────────────────────────────────────────────────────────────────────────────────
2026-01-26T20:00:18.8259400Z 
2026-01-26T20:00:18.8259784Z     attachment #2: video (video/webm) ──────────────────────────────────────────────────────────────
2026-01-26T20:00:18.8260513Z     test-results/match-Match-Bot-Flow-should-trigger-job-match-result-email-chromium-retry2/video.webm
2026-01-26T20:00:18.8261330Z     ────────────────────────────────────────────────────────────────────────────────────────────────
2026-01-26T20:00:18.8261608Z 
2026-01-26T20:00:18.8262106Z     Error Context: test-results/match-Match-Bot-Flow-should-trigger-job-match-result-email-chromium-retry2/error-context.md
2026-01-26T20:00:18.8262628Z 
2026-01-26T20:00:18.8263031Z     attachment #4: trace (application/zip) ─────────────────────────────────────────────────────────
2026-01-26T20:00:18.8263771Z     test-results/match-Match-Bot-Flow-should-trigger-job-match-result-email-chromium-retry2/trace.zip
2026-01-26T20:00:18.8264294Z     Usage:
2026-01-26T20:00:18.8264404Z 
2026-01-26T20:00:18.8265140Z         npx playwright show-trace test-results/match-Match-Bot-Flow-should-trigger-job-match-result-email-chromium-retry2/trace.zip
2026-01-26T20:00:18.8265700Z 
2026-01-26T20:00:18.8266054Z     ────────────────────────────────────────────────────────────────────────────────────────────────
2026-01-26T20:00:18.8266340Z 
2026-01-26T20:00:18.8266422Z   3 failed
2026-01-26T20:00:18.8267193Z     [chromium] › tests/exam.spec.ts:10:9 › Exam Bot Interaction Flow › should trigger exam grade email and verify receipt 
2026-01-26T20:00:18.8268227Z     [chromium] › tests/incident.spec.ts:10:9 › Incident Bot Interaction Flow › should trigger incident confirmation email and verify receipt 
2026-01-26T20:00:18.8269224Z     [chromium] › tests/match.spec.ts:10:9 › Match Bot Flow › should trigger job match result email ─
2026-01-26T20:00:29.0212394Z ##[error]Process completed with exit code 1.
2026-01-26T20:00:29.0277425Z ##[group]Run actions/upload-artifact@v4
2026-01-26T20:00:29.0277745Z with:
2026-01-26T20:00:29.0277961Z   name: all-blob-reports-2
2026-01-26T20:00:29.0278213Z   path: blob-report
2026-01-26T20:00:29.0278431Z   retention-days: 1
2026-01-26T20:00:29.0278650Z   if-no-files-found: warn
2026-01-26T20:00:29.0278890Z   compression-level: 6
2026-01-26T20:00:29.0279113Z   overwrite: false
2026-01-26T20:00:29.0279336Z   include-hidden-files: false
2026-01-26T20:00:29.0279585Z ##[endgroup]
2026-01-26T20:00:29.2390686Z With the provided path, there will be 1 file uploaded
2026-01-26T20:00:29.2396736Z Artifact name is valid!
2026-01-26T20:00:29.2397609Z Root directory input is valid!
2026-01-26T20:00:29.3337409Z Beginning upload of artifact content to blob storage
2026-01-26T20:00:29.8800004Z Uploaded bytes 8388608
2026-01-26T20:00:30.0837516Z Uploaded bytes 16777216
2026-01-26T20:00:30.3537123Z Uploaded bytes 25165824
2026-01-26T20:00:30.7109012Z Uploaded bytes 33554432
2026-01-26T20:00:30.7901818Z Uploaded bytes 41943040
2026-01-26T20:00:31.0977435Z Uploaded bytes 50331648
2026-01-26T20:00:31.3181515Z Uploaded bytes 58720256
2026-01-26T20:00:31.5022729Z Uploaded bytes 67108864
2026-01-26T20:00:31.7151608Z Uploaded bytes 75497472
2026-01-26T20:00:32.0215651Z Uploaded bytes 83886080
2026-01-26T20:00:32.2040206Z Uploaded bytes 92274688
2026-01-26T20:00:32.4575793Z Uploaded bytes 100663296
2026-01-26T20:00:32.7158636Z Uploaded bytes 109051904
2026-01-26T20:00:32.8229887Z Uploaded bytes 117440512
2026-01-26T20:00:33.1213580Z Uploaded bytes 125829120
2026-01-26T20:00:33.2715899Z Uploaded bytes 134217728
2026-01-26T20:00:33.5729778Z Uploaded bytes 142606336
2026-01-26T20:00:33.7977210Z Uploaded bytes 150994944
2026-01-26T20:00:33.9629218Z Uploaded bytes 159383552
2026-01-26T20:00:34.2878156Z Uploaded bytes 167772160
2026-01-26T20:00:34.5180966Z Uploaded bytes 176160768
2026-01-26T20:00:34.7334164Z Uploaded bytes 184549376
2026-01-26T20:00:35.0027794Z Uploaded bytes 192937984
2026-01-26T20:00:35.2160267Z Uploaded bytes 201326592
2026-01-26T20:00:35.3743187Z Uploaded bytes 209715200
2026-01-26T20:00:35.5902364Z Uploaded bytes 218103808
2026-01-26T20:00:35.8782190Z Uploaded bytes 226492416
2026-01-26T20:00:36.1293395Z Uploaded bytes 234881024
2026-01-26T20:00:36.3976735Z Uploaded bytes 243269632
2026-01-26T20:00:36.7418191Z Uploaded bytes 250991697
2026-01-26T20:00:36.7569968Z Finished uploading artifact content to blob storage!
2026-01-26T20:00:36.7573401Z SHA256 digest of uploaded artifact zip is a722a085ed7f33b6be1059082276e29101b3ee7b847d0d5fb96371f59c64eb4c
2026-01-26T20:00:36.7575795Z Finalizing artifact upload
2026-01-26T20:00:36.8700047Z Artifact all-blob-reports-2.zip successfully finalized. Artifact ID 5262411097
2026-01-26T20:00:36.8701609Z Artifact all-blob-reports-2 has been successfully uploaded! Final size is 250991697 bytes. Artifact ID is 5262411097
2026-01-26T20:00:36.8710497Z Artifact download URL: https://github.com/leslieleefook/playwright-bot-tests/actions/runs/21371666321/artifacts/5262411097
2026-01-26T20:00:36.8915191Z Post job cleanup.
2026-01-26T20:00:36.9848748Z [command]/usr/bin/git version
2026-01-26T20:00:36.9889787Z git version 2.52.0
2026-01-26T20:00:36.9932629Z Temporarily overriding HOME='/home/runner/work/_temp/e25df98e-922a-4c74-afe5-52d3749208b6' before making global git config changes
2026-01-26T20:00:36.9934402Z Adding repository directory to the temporary git global config as a safe directory
2026-01-26T20:00:36.9943608Z [command]/usr/bin/git config --global --add safe.directory /home/runner/work/playwright-bot-tests/playwright-bot-tests
2026-01-26T20:00:36.9980907Z [command]/usr/bin/git config --local --name-only --get-regexp core\.sshCommand
2026-01-26T20:00:37.0014545Z [command]/usr/bin/git submodule foreach --recursive sh -c "git config --local --name-only --get-regexp 'core\.sshCommand' && git config --local --unset-all 'core.sshCommand' || :"
2026-01-26T20:00:37.0257342Z [command]/usr/bin/git config --local --name-only --get-regexp http\.https\:\/\/github\.com\/\.extraheader
2026-01-26T20:00:37.0279784Z http.https://github.com/.extraheader
2026-01-26T20:00:37.0293727Z [command]/usr/bin/git config --local --unset-all http.https://github.com/.extraheader
2026-01-26T20:00:37.0327575Z [command]/usr/bin/git submodule foreach --recursive sh -c "git config --local --name-only --get-regexp 'http\.https\:\/\/github\.com\/\.extraheader' && git config --local --unset-all 'http.https://github.com/.extraheader' || :"
2026-01-26T20:00:37.0559924Z [command]/usr/bin/git config --local --name-only --get-regexp ^includeIf\.gitdir:
2026-01-26T20:00:37.0592315Z [command]/usr/bin/git submodule foreach --recursive git config --local --show-origin --name-only --get-regexp remote.origin.url
2026-01-26T20:00:37.0973190Z Cleaning up orphan processes
